title,content,topicName,tid
[流言板]德佬：小时候我就深爱那不勒斯，没人能像马拉多纳那样伟大,虎扑12月25日讯 即便是圣诞祝福，对德劳伦蒂斯来说，也成了抨击足球管理机构的恰当时机。近日，这位那不勒斯主席接受了其俱乐部合作电台Radio CRC的采访，谈到了现足球体系的困境，谈到了意大利超级杯,国际足球资讯,https://bbs.hupu.com/636513643.html
[流言板]今晚广厦vs辽宁大名单：孙铭徽、胡金秋出战，付豪在列,虎扑12月25日讯 今日CBA常规赛，广厦对阵辽宁的大名单已经公布。广厦方面：朱俊龙、孙铭徽、胡金秋出战。辽宁方面：付豪、张陈治锋、王岚嵚在列。来源：CBA官网,CBA专区,https://bbs.hupu.com/636513624.html
[流言板]Elk首战旧主，WBG发布赛前返图：磨砺成锋，不问终章,虎扑12月25日讯 德玛西亚杯WBG对战BLG的比赛即将开始，同时这也是Elk自转会后首次面对老东家，WBG官方发布赛前返图：磨砺成锋，不问终章。加油微博哥！来源：LPL,英雄联盟,https://bbs.hupu.com/636513612.html
[流言板]今晚上海vs江苏大名单：洛夫顿、张镇麟出战，庞峥麟在列,虎扑12月25日讯 今日CBA常规赛，上海对阵江苏的大名单已经出炉。上海方面：洛夫顿、张镇麟、弗格出战。江苏方面：庞峥麟、刘正清、蒋浩然在列。来源：CBA官网,CBA专区,https://bbs.hupu.com/636513598.html
[韩网翻译]Peyz：LPL生活和韩国没有太大区别，食物很合胃口,虎扑12月25日讯 Peyz选手、Untara、LCK韩文流解说Ggogod参加Wolf's Talk wave节目，原视频第一部分内容翻译如下：（未经允许禁止转载，搬运截图）Wolf：你对T1生活满,英雄联盟,https://bbs.hupu.com/636513575.html
理性讨论，小俞的到来给RW侠的影响。,,王者荣耀,https://bbs.hupu.com/636512510.html
[流言板]JDG发布战胜BLG赛后返图：继续磨合！稳步向前！,虎扑12月25日讯 昨日德玛西亚杯上JDG以2-0战胜BLG，官方发布赛后返图：继续磨合！稳步向前！来源：LPL,英雄联盟,https://bbs.hupu.com/636513552.html
【中字】斯科特：库里是历史前五控卫，魔术师才是历史第一控卫,,湿乎乎的话题,https://bbs.hupu.com/636510418.html
[JR热议]博主爆料：更新后海克斯大乱斗模式将继续开放，不会下架,博主三昧弦爆料1月8日更新后海克斯大乱斗模式将继续开放，不会在版本更新后下架,英雄联盟,https://bbs.hupu.com/636511592.html
[流言板]中足联新官网今日上线，可查询2012后联赛数据、U系列球员等,虎扑12月25日讯 据德转中国区管理员朱艺报道，中足联（中国足球职业联赛联合会）新版官网今日上线，已可查询2012年来的职业联赛数据，以及U系列赛事的球员名单等资料。新网址为www.cfl-china,中国足球,https://bbs.hupu.com/636513512.html
[流言板]HOYA挖掘机打出5/1/10战绩，拿下NIP对阵IG第二局MVP,虎扑12月25日讯 在刚刚结束的德杯小组赛NIP对阵IG的比赛中，HOYA挖掘机打出5/1/10战绩，拿下NIP对阵IG第二局MVP，这是他第2个MVP。来源：虎扑电竞,英雄联盟,https://bbs.hupu.com/636513500.html
[JR热议]Peyz：和Keria配合起来很舒服，他游戏里真的独一档,🗣：还有现在在打Kespa杯和红牛杯的时候，不是有和keria选手一起配合嘛，感觉怎么样？一起配合之后他和想象的一样厉害么？Peyz：首先我觉得我们两个都是很会一起看角度、一起找机会的那种，所以打起,英雄联盟,https://bbs.hupu.com/636513239.html
[流言板]NIP次局集锦：上路巨大领先下野团战收割，NIP强势扳回一城,来源：虎扑电竞,英雄联盟,https://bbs.hupu.com/636513494.html
[流言板]火箭将时隔六年再次出席圣诞大战，上次圣诞夜出战还是19年,虎扑12月25日讯 明日NBA圣诞大战，火箭将在客场挑战湖人。这将是火箭时隔六年再次出席圣诞大战，上次火箭圣诞夜出战还是2019年。当时的对手是勇士，火箭以104-116不敌对手。值得一提的是，明日将,篮球资讯,https://bbs.hupu.com/636513489.html
[年度总结]2025年度KPL虎扑最佳主播——Lovecd老盖,"2025年度KPL虎扑最佳主播——教练lovecd老盖在今日结束的最佳主播评选中，小红书主播教练lovecd老盖斩获18854星荣膺虎扑最佳主播>"" target=""_blank"" href=""hup",王者荣耀,https://bbs.hupu.com/636513458.html
[流言板]那“杜”墙！杜加利奇本赛季完成37次封堵，刷新中超纪录,虎扑12月25日讯 据中超联赛官方报道，深圳新鹏城球员杜加利奇本赛季完成37次封堵，刷新自2012年Opta统计相关数据以来球员单赛季封堵次数最高纪录。当对手的攻势撞上这堵移动城墙，37次叹息在球场上,中国足球,https://bbs.hupu.com/636513470.html
[一图流]佛耶戈抢下大龙，NIP后续团战击杀多人一波取胜,虎扑12月25日讯 佛耶戈抢下大龙，NIP后续团战击杀多人一波取胜来源：虎扑电竞,英雄联盟,https://bbs.hupu.com/636513466.html
[赛后]NIP 1-1 IG：佛耶戈抢下大龙一锤定音，NIP下野收割扳回一城,点击为双方选手评分虎扑12月25日讯 Game2：蓝色方NIP，红色方IGNIP禁用：亚恒、猴子、石头人、潘森、波比NIP选用：HOYA挖掘机；Guwon佛耶戈；Care岩雀；Assum厄斐琉斯；Zh,英雄联盟,https://bbs.hupu.com/636513456.html
[流言板]勒伯夫：姆巴佩无法与齐达内相提并论，希望看到他多帮队友,虎扑12月25日讯 日前，在接受GOAL独家专访中，1998年世界杯冠军得主勒伯夫在采访中表示，他认为皇马球星姆巴佩无法与齐达内相提并论。——姆巴佩是否有朝一日能被认定为法国足坛历史最佳球员？“绝对不,国际足球资讯,https://bbs.hupu.com/636513454.html
[流言板]欢度圣诞！英超众将送上圣诞祝福，多国语言齐聚一堂,虎扑12月25日讯 正值西方传统节日圣诞节，天空体育发布了英超各球队球星送上圣诞祝福的视频，其中多位球星还使用了自己的母语进行祝福。（球员出现顺序为俱乐部首字母排序）来源：YouTube,国际足球资讯,https://bbs.hupu.com/636513426.html
[流言板]中国篮协分享96中国男篮履历：他们为中国男篮书写了新的历史,虎扑12月25日讯 中国篮协分享96中国男篮履历：他们为中国男篮书写了新的历史。配文：【2025中国篮球名人堂名单优秀集体：1996年奥运会中国男篮】1996年7月19日至8月4日，第二十六届奥林匹克,CBA专区,https://bbs.hupu.com/636513417.html
[一图流]Assum厄斐琉斯四杀收尾，NIP团战大获全胜随后控下大龙,来源：虎扑电竞,英雄联盟,https://bbs.hupu.com/636513411.html
[流言板]北青：U22昨日放假一天，今日恢复一天两练&训练技战术为主,虎扑12月25日讯 据北青体育记者肖赧报道，2003年龄段中国U22男足于阿联酋当地时间12月23日傍晚以1比0小胜吉尔吉斯斯斯坦U22队，从而取得本次西亚热身之旅的开门红。作为奖励，全队于次日获得了,中国足球,https://bbs.hupu.com/636513352.html
[流言板]翟晓川社媒分享赛前热身扣篮片段，你给这记扣篮打几分？,虎扑12月25日讯 翟晓川社媒分享赛前热身扣篮片段。配文：篮球体育生。来源：抖音,CBA专区,https://bbs.hupu.com/636513328.html
[赛事视频]南通Hero久竞.坦然：局内多针对小俞；复盘主要针对局内沟通,来源：虎扑,王者荣耀,https://bbs.hupu.com/636513311.html
《阿拉莫的回声》双杀雷霆！圣诞大战见！,看文案也可以点下播放👆喜欢可以点下订阅👆大家好，欢迎收听《阿拉莫的回声》，我是小黑，今天是北京时间2025年12月24日。马刺队在主场以130-110 以20分的优势双杀了雷霆！取得了七连胜！加上,马刺专区,https://bbs.hupu.com/636502831.html
[一图流]Wei蔚反手锁ADC配合芸阿娜完成击杀，IG人数劣势但打出1换2,来源：虎扑电竞,英雄联盟,https://bbs.hupu.com/636513289.html
年均4000万起！本赛季杰伦杜伦，到底有多强？,来自名记Jake Fischer的最新报道，杰伦杜伦的市场行情正在逐渐走高，他的下一份合同年均薪水有望达到至少4000万美元。客观说，Jake Fischer的消息可靠性一般，但杰伦杜伦？年均4000,湿乎乎的话题,https://bbs.hupu.com/636511874.html
[流言板]ESPN预测明日圣诞大战：雷霆胜率74.1%，马刺胜率25.9%,虎扑12月25日讯 明日NBA常规赛，雷霆将对阵马刺。赛前，美媒ESPN预测本场比赛，雷霆胜率74.1%，马刺胜率25.9%。目前，雷霆取得了26胜4负的战绩，马刺则为22胜7负。来源：ESPN,篮球资讯,https://bbs.hupu.com/636513287.html
终场哨响第三期：深度还原陈国豪三方交易真相,虎扑体育类自制播客栏目《终场哨响》又跟大家见面了！本期节目我们邀请到了陈国豪经纪人沈骉老师。今年夏天关于陈国豪转会的引发了许多虎扑网友的讨论与关注，今天我们有幸邀请到了陈国豪等球员的经纪人沈骉老师，一,CBA专区,https://bbs.hupu.com/636513247.html
浙江男篮丁伟下课，本赛季还有哪些球队表现低于你的预期？,据悉，浙江男篮主教练丁伟将下课，由外教全权负责球队训练与比赛指挥。这一结果其实早有预兆，开赛仅五轮，球队就交出了1胜4负的惨淡战绩，排在积分榜第15位，不仅是近年最差开局，还爆出了首秀加时不敌宁波男篮,CBA专区,https://bbs.hupu.com/636513254.html
[赛事视频]济南RW侠.挽墨/今屿：料想到对面教练会针对小俞，训练赛让小俞多抗压,虎扑12月25日讯 济南RW侠.挽墨/今屿：我们是个新队伍；料想到对面教练会针对小俞，训练赛让小俞多抗压；WB能进胜决，暖阳最近很猛来源：虎扑,王者荣耀,https://bbs.hupu.com/636513265.html
[流言板]成都KNG战队获得2025和平精英全国大赛总决赛（平板）冠军,虎扑12月25日讯 荣光加冕，破浪而行；锋芒毕露，勇夺桂冠！恭喜成都KNG战队获得2025和平精英全国大赛总决赛（平板）冠军！ ​​​来源：微博,和平精英,https://bbs.hupu.com/636513249.html
[流言板]香港金牛社媒分享片段并配文： “球员版”圣诞老人已上线,虎扑12月25日讯 香港金牛社媒分享片段。配文： “球员版”圣诞老人已上线。来源：抖音,CBA专区,https://bbs.hupu.com/636513496.html
[流言板]宋晓波：男篮亚洲杯拿了第二，虽然输了但大家打得有血性,虎扑12月25日讯 今日，中国篮球名人堂成员宋晓波在2025中国篮球名人堂入堂人物名单揭晓仪式上谈到了名人堂对国家队建设最重要的传承是使命感和责任感。宋晓波表示：“名人堂不是终点，是个新的起点，我觉得,CBA专区,https://bbs.hupu.com/636513229.html
[流言板]武汉女篮众将谈新赛季：跟强队竞争，能够不断学习&持续进步,虎扑12月25日讯 武汉盛帆社媒分享日常视频。配文道：武汉盛帆黄鹤女篮的“老将”和外援，分享了她们新赛季的感受和新赛季的期待。来源：微博,CBA专区,https://bbs.hupu.com/636513214.html
[流言板]小米17 Ultra今天发布：共有5个版本,虎扑12月25日讯 天晚上小米将举行新品发布会，不少网友期待多时的小米17 Ultra将跟大家亮相。目前大家最关心的可能就是小米17 Ultra会不会涨价，而在这个问题上，小米集团总裁卢伟冰已经提前表,数码综合讨论,https://bbs.hupu.com/636510118.html
[赛事视频]济南RW侠第六局赛中语音回放：胜者组决赛干就完了；这把太乙零失误,来源：虎扑,王者荣耀,https://bbs.hupu.com/636513173.html
[流言板]中国足协官方：2026超级杯决赛场地为南京奥体中心体育场,虎扑12月25日讯 据中国足协官方消息：经公开征集，在对会员协会提交的材料进行综合评估后，中国足球协会现选定江苏南京赛区作为2026中国足球协会超级杯承办赛区，比赛场地为南京奥体中心体育场。对阵双方是,中国足球,https://bbs.hupu.com/636513165.html
[流言板]FM：马赛女足青训中心获官方批准，计划2026年启用,虎扑12月25日讯 据Foot Mercato报道，马赛女足迎来一则利好消息：俱乐部女足青训中心项目已正式获得批准，并计划于2026—2027赛季投入使用。这一决定被视为马赛女足迈向长期发展的关键一步,国际足球资讯,https://bbs.hupu.com/636513270.html
[流言板]吉林男篮回顾孙军职业生涯：两次常规赛MVP，单场70分得主,虎扑12月25日讯 据吉林男篮官方发文，2025年中国篮球名人堂入堂人物名单公布，吉林篮球传奇名宿、“虎王”孙军荣耀入选，这一荣誉无疑是对其辉煌篮球生涯的最高褒奖！国之利刃 国际赛场扬威名孙军是中国男,CBA专区,https://bbs.hupu.com/636513157.html
赛博朋克的深圳是每年宝可梦大赛的试验田？｜集换电波 Vol.44,11月的TCG闲聊节目来啦。这一期我们请来了超级喜欢光属于的牌手光男，和我们一起聊聊近一个月发生的趣事。随着英雄联盟S赛的落下帷幕，符文战场的第二弹也不远了。这一弹从预告开始就展现出了诸多的变化，装备,球星卡区,https://bbs.hupu.com/636476612.html
[流言板]宁波男篮官方：迟来的通关，不变的热爱！卡米然重返CBA,虎扑12月25日讯 宁波男篮官方分享卡米然训练片段。配文：迟来的通关，不变的热爱！卡米然重返CBA。来源：抖音,CBA专区,https://bbs.hupu.com/636513124.html
[流言板]李群解释五外&四外一内概念：现代篮球理念强调空间的重要性,虎扑12月25日讯 李群社媒分享日常视频。配文：五外、四外一内的概念。 现代篮球理念强调空间的重要性，五外站位、四外一内站位是什么，更要说明这两种站位成为绝对主流的原因。来源：抖音,CBA专区,https://bbs.hupu.com/636513109.html
[流言板]陈道宏：竞技体育也好&篮球运动也好，是要拼的，要打出血性,虎扑12月25日讯 今日，中国篮球名人堂成员陈道宏在2025中国篮球名人堂入堂人物名单揭晓仪式上谈到了中国男篮的氛围。陈道宏表示：“中国篮球是在团结拼搏、一直有责任感的这么一个氛围，我们几十年来取得了,CBA专区,https://bbs.hupu.com/636513106.html
[JR热议]晋级胜决，RW侠挑杯蜕变的关键是什么？,晋级胜决，RW侠蜕变的关键是什么？,王者荣耀,https://bbs.hupu.com/636513057.html
[流言板]iG 1:0 NIP，成功锁定2025德玛西亚杯八强名额,虎扑12月25日讯 随着iG在与NIP的BO3中1:0占得先机，iG也成功锁定了2025德玛西亚杯八强的名额，此前iG徳杯的战绩为：iG 0:2 EDGiG 2:0 LGDiG 2:0 WE来源：虎扑,英雄联盟,https://bbs.hupu.com/636513103.html
[流言板]RW/Hero第六局数据图：皖墨女娲对位领先玖熙小乔,虎扑12月25日讯 RW/Hero第六局数据图：皖墨女娲对位领先玖熙小乔，四项数据拉满来源：虎扑,王者荣耀,https://bbs.hupu.com/636513102.html
[JR热议]Peyz：队友们很强，T1战队本身很厉害，所以就加入了,Wolf：Peyz选手转会到T1，甚至还签了3年的约，连我都吓了一大跳，是以什么心态决定加入T1的呢？Peyz：首先我觉得最重要的就是队友们，因为如果要夺冠的话，一定要有好的队友们，这个占比最重，然后,英雄联盟,https://bbs.hupu.com/636513074.html
查克|逐帧拆解：联盟助攻王！6镜头解析约基奇传球魔法,持球推过半场的同时点头（可能是暗号？）示意队友抓早攻发动战术：哈达威前来设置“Touch Screen”。独行侠守“ice”，约基奇先是将球举过头顶——护球、观察防守、等哈达威下顺到更深的位置。随后在,篮球场,https://bbs.hupu.com/636513067.html
[流言板]家族的骄傲！三球更新ins，晒出一组鲍尔家族的合照,虎扑12月25日讯 今日，拉梅洛-鲍尔在个人ins上发布动态，晒出一组与哥哥朗佐-鲍尔对位的照片。他表示：“在这一切中受到祝福 🕺🏽🛸💕。”照片的最后一张是鲍尔家族三兄弟的合照。拉梅洛-鲍尔本,篮球资讯,https://bbs.hupu.com/636512978.html
[流言板]恭喜济南RW侠晋级2025王者荣耀挑战者杯胜者组决赛！,虎扑12月25日讯 恭喜济南RW侠晋级2025王者荣耀挑战者杯胜者组决赛！在今日的比赛中以4:2的比分战胜对手后，济南RW侠确认晋级胜者组决赛！刀光划破长夜雾，策马登临更高处！一路走来，他们以初心为刃,王者荣耀,https://bbs.hupu.com/636513063.html
[流言板]Renard辛德拉打出7/0/5战绩，拿下IG对阵NIP第一局MVP,虎扑12月25日讯 在刚刚结束的德杯小组赛IG对阵NIP的比赛中，Renard辛德拉打出7/0/5战绩，拿下IG对阵NIP第一局MVP，这是他第1个MVP。来源：虎扑电竞,英雄联盟,https://bbs.hupu.com/636513051.html
[赛后]RW 4-2 Hero：团战冷静决策直取C位，RW终结比赛挺进胜决,点击链接，给双方选手本局表现打分王者荣耀挑战者杯淘汰赛（胜者组半决赛，BO7）Game1：蓝色方济南RW侠 红色方南通Hero久竞【Ban/Pick】蓝色方禁用：关羽 鲁班大师 镜 蚩姹 大司命选用：,王者荣耀,https://bbs.hupu.com/636513048.html
[一图流]女娲卡住牛魔撤退路线，白清牛魔来回踱步交出人头,虎扑12月25日讯 女娲卡住牛魔撤退路线，白清牛魔来回踱步交出人头来源：虎扑,王者荣耀,https://bbs.hupu.com/636513037.html
[流言板]IG首局集锦：全员均有发挥团战取胜，IG稳扎稳打拿下首局,来源：虎扑电竞,英雄联盟,https://bbs.hupu.com/636513036.html
还原东契奇得知交易当晚：怒砸手机，本人比你还震惊！,[篮球杂谈]本期内容：卢卡-东契奇与达拉斯独行侠的羁绊，早已超越了球员与球队的雇佣关系。自2018年以探花身份被选中并加盟独行侠后，这位来自斯洛文尼亚的天才少年在达拉斯完成了从新秀到超级巨星的蜕变，不,湿乎乎的话题,https://bbs.hupu.com/636512772.html
4个首轮签？马刺是否应该追特雷墨菲？,来自美国记者Evan Sidery的最新报道，马刺被视为特雷墨菲的潜在下家。Evan Sidery表示，马刺拥有丰厚的选秀资产，同时他们对补强侧翼有着长期需求，从阵容适配角度来看，墨菲非常适合与文班亚,湿乎乎的话题,https://bbs.hupu.com/636511817.html
[流言板]韩旭社媒晒照：很特别的夏日圣诞节，想念祖国的亲人朋友,虎扑12月25日讯 今日，韩旭社媒晒照：很特别的夏日圣诞节，想念祖国的亲人朋友。配文：很特别的夏日圣诞节，和队友的家人朋友一起度过！和祖国的春节很像。想念祖国的亲人朋友，好在我可爱的队友们总是给我带来,CBA专区,https://bbs.hupu.com/636512985.html
[流言板]阿尔贝托：卡塔尔确实很富裕，但也并非所有人都是酋长,虎扑12月25日讯 近日，前拉齐奥球星，现效力于卡塔尔杜海勒的路易斯-阿尔贝托接受了Fanpage的采访，在此之中他回顾了自己的职业生涯，特别聚焦于在蓝鹰度过的八年时光。从与西蒙尼-因扎吉和萨里的默契,国际足球资讯,https://bbs.hupu.com/636512959.html
[流言板]阿尔贝托：如果萨里给我打电话，我愿意回归拉齐奥,虎扑12月25日讯 近日，前拉齐奥球星，现效力于卡塔尔杜海勒的路易斯-阿尔贝托接受了Fanpage的采访，在此之中他回顾了自己的职业生涯，特别聚焦于在蓝鹰度过的八年时光。从与西蒙尼-因扎吉和萨里的默契,国际足球资讯,https://bbs.hupu.com/636512955.html
[流言板]ESPN预测明日圣诞大战：尼克斯胜率64.9%，骑士胜率35.1%,虎扑12月25日讯 明日NBA圣诞大战，尼克斯将对阵骑士。赛前，美媒ESPN预测本场比赛，尼克斯胜率为64.9%，骑士胜率为35.1%。目前，尼克斯取得20胜9负，骑士则取得17胜14负。来源：ESP,篮球资讯,https://bbs.hupu.com/636512948.html
[流言板]阿尔贝托：接到拉齐奥电话后，我只考虑了五分钟就决定加盟,虎扑12月25日讯 近日，前拉齐奥球星，现效力于卡塔尔杜海勒的路易斯-阿尔贝托接受了Fanpage的采访，在此之中他回顾了自己的职业生涯，特别聚焦于在蓝鹰度过的八年时光。从与西蒙尼-因扎吉和萨里的默契,国际足球资讯,https://bbs.hupu.com/636512946.html
各队队史得分王是谁？3人得分超30000分，詹姆斯、库里、乔丹上榜,虽说防守能赢总冠军，但归根结底，想要获胜还是得比对手得更多分。这也是为什么在历史最佳球员榜单里，往往满是擅长得分的球员。以下就是NBA30支球队中，为各自球队得分最多的球员。1. 老鹰：多米尼克·威尔,湿乎乎的话题,https://bbs.hupu.com/636512710.html
[一图流]梦魇发条尝试失败，Jwei牛头顶起三人IG反打成功击杀两人控下听牌龙,来源：虎扑电竞,英雄联盟,https://bbs.hupu.com/636512912.html
[流言板]“爆”笑！什琴斯尼与巴尔德吉参与猜数字爆气球问答挑战,来源：YouTube,国际足球资讯,https://bbs.hupu.com/636512910.html
[流言板]BLG发布对战WBG赛前视频：抓住每一次调整机会，加油吧,来源：LPL,英雄联盟,https://bbs.hupu.com/636512905.html
[流言板]中国篮协分享杰出男运动员张锡山履历：第一批篮球运动健将,虎扑12月25日讯 中国篮协分享杰出男运动员张锡山履历。配文：【2025中国篮球名人堂名单杰出男运动员：张锡山】张锡山，生于1934年。我国第一批篮球运动健将、国家级教练员、中国残疾人轮椅篮球事业的开,CBA专区,https://bbs.hupu.com/636512896.html
[流言板]新疆啦啦队展示日常舞蹈：活在自己的热爱，而不是别人的眼光里,虎扑12月25日讯 新疆啦啦队社媒分享日常视频。配文：场下的姑娘们，活在自己的热爱咯，而不是别人的眼光里。来源：抖音,CBA专区,https://bbs.hupu.com/636512893.html
新秀榜：弗拉格、克努佩尔、奎因稳居前3，榜眼哈珀排名升至第5,北京时间12月25日，NBA官方公布了最新一期的新秀榜，独行侠状元秀库珀-弗拉格继续排在榜首位置，夏洛特黄蜂的康-克努佩尔稳居次席，马刺榜眼秀迪伦-哈珀排名升进前五。以下为详细榜单：1、库珀-弗拉格 ,湿乎乎的话题,https://bbs.hupu.com/636507936.html
[流言板]李弘权社媒分享赛场图集并配文：祝大家节日快乐,虎扑12月25日讯 李弘权社媒分享赛场图集。配文：祝大家节日快乐，Merry Christmas to You and Yours!在上一场对阵浙江的比赛中，上海球员李弘权全场出战27分钟，投篮9中7,CBA专区,https://bbs.hupu.com/636512889.html
[流言板]徐根宝亲自调馄饨馅款待海港庆生现场球迷，武磊等都说想来,虎扑12月25日讯 据《东方体育日报》报道，就在不久前，当上海海港俱乐部有意将20周年“庆生”活动放在根宝足球基地时，根宝自己都觉得意外：“俱乐部没有淡化过去的历史，没有忘记我。我举起了第一棒，上港集,中国足球,https://bbs.hupu.com/636512867.html
[流言板]FIBA三篮分享赛场片段：2025年度十佳不可思议的进球,虎扑12月25日讯 FIBA三篮分享赛场片段。配文：2025年度十佳不可思议的进球。来源：微博,CBA专区,https://bbs.hupu.com/636512862.html
圣诞大战现役得分榜：詹姆斯507分排名第1，雷霆老三少分列234,当节日的彩灯点亮街头，NBA赛场也迎来一年一度的焦点之战——圣诞大战。这不只是一场体育盛宴，更是一个丈量传奇与荣誉的特别舞台。12月25日，美国体育数据媒体《StatMuse》公布的一份圣诞大战现役球,湿乎乎的话题,https://bbs.hupu.com/636508612.html
[赛事视频]济南RW侠第五局赛中语音回放：张良没大可以打后续,来源：虎扑,王者荣耀,https://bbs.hupu.com/636512818.html
查克|唐斯40分赛季新高：面框冲锋、罚球线单打、前板掠夺,——面框持球冲锋右路跟进转换接哈特上球，投篮虚晃后立即衔接侧蹬步做启动左路突破的假动作，实则启动右路突破，扛着戈贝尔一路碾到篮下后强硬上篮打进。自行持球推进转换进攻要到海兰德错位，顺势抓优势对位启动突,尼克斯专区,https://bbs.hupu.com/636512655.html
[流言板]青岛发布明晚对阵山西数据前瞻：上赛季2次交手互有胜负,虎扑12月25日讯 据青岛男篮官方发文，明晚19：35，2025-2026赛季CBA联赛常规赛第6轮，青岛崂山啤酒主场迎战山西汾酒。回到主场，迎战强敌，我们将积极调整状态，打出精彩对决！青岛崂山啤酒与,CBA专区,https://bbs.hupu.com/636512781.html
查克|菲利观察：短下顺处理，前板掠夺，空手移动&切入,——短下顺处理&高位发牌乔治挡拆发起吸引兰戴尔外出延误，菲利顺下接球处理4打3：阅读到阿尔达马上提回收，以及亨德里克斯空接手势之后，快速处理高吊传球找到空切的亨德里克斯，打穿阿尔达马身后。这个回合则是,爵士专区,https://bbs.hupu.com/636512083.html
[流言板]中国篮协分享孙军履历：亚洲赛场，孙军为中国男篮五夺亚锦赛冠军,虎扑12月25日讯 中国篮协分享孙军履历。配文：【2025中国篮球名人堂名单杰出男运动员：孙军】孙军，生于1969年，原中国男篮队长，作为主力队员帮助中国男篮获得1994年世锦赛第八名和1996年奥运,CBA专区,https://bbs.hupu.com/636512774.html
[流言板]BR回顾往年圣诞大战特别版球衣，呼吁特别版款式再度归来,虎扑12月25日讯 Bleacher Repo联合旗下装备媒体brkicks回顾往年圣诞大战中球星穿着的特别版球衣，并呼吁联盟可以重启圣诞特别版款式球衣。来源：Instagram,运动装备,https://bbs.hupu.com/636512758.html
[流言板]合肥狂风啦啦队上新舞蹈：明晚对阵江西鲸裕，邀您现场观赛,虎扑12月25日讯 合肥狂风男篮分享日常视频。明晚NBL联赛，合肥狂风对阵江西鲸裕清酒。来源：抖音,CBA专区,https://bbs.hupu.com/636512750.html
[流言板]RW/Hero第五局数据图：小度马超两项数据拉满，团战支援四次,虎扑12月25日讯 RW/Hero第五局数据图：小度马超两项数据拉满，团战支援四次来源：虎扑,王者荣耀,https://bbs.hupu.com/636512746.html
复盘马刺双杀雷霆：抛去天赋，马刺的纪律性和策略也是制胜之宝,马刺雷霆的这二番战，分别以不同程度暴露了雷霆的问题，而马刺做到的，也绝不仅是文班在禁区的天赋克制迫使SGA和雷霆其他球员改变出手区域。更重要的一点是马刺在这两场比赛中拥有更好的纪律性和全盘的策略。策略,篮球场,https://bbs.hupu.com/636509851.html
[流言板]湖北文旅发布赛事预告：明晚对阵上海玄鸟，放手一搏的战斗,虎扑12月25日讯 据湖北文旅男篮发文，北京时间2025年12月26日19:30，2025-2026赛季NBL联赛常规赛第三轮继续进行。历经连续客场的奔波与鏖战，湖北文旅男篮的开赛三连客征程即将迎来收,CBA专区,https://bbs.hupu.com/636512727.html
[流言板]阿莫林：节礼日赛事意义非凡，但我们现在满脑子只想赢球,虎扑12月25日讯 英超联赛，曼联将会对阵纽卡斯尔，这也是节礼日的唯一一场比赛。赛前，曼联主帅阿莫林接受俱乐部官方电视台的采访。鲁本，我知道你这边多名球员缺阵，目前球队整体状态如何？大家已经做好准备，,国际足球资讯,https://bbs.hupu.com/636512708.html
ep.12 回顾2025：95后年满三十，中国步入真中年社会；展望2026：投资干货早知道！跟着巴菲特布局AI生态,00:00回顾2025: 95后年满三十，中国步入真中年社会；13:01展望2026: 投资干货早知道！跟着巴菲特布局AI生态欢迎加入节目听友群，年底群内有小小福利感谢大家的支持。加主播微信入群： f,步行街主干道,https://bbs.hupu.com/636483078.html
栾利程对阵北控集锦回顾，全场得到22分3篮板1抢断,转载自微博 花球世界,CBA专区,https://bbs.hupu.com/636504407.html
[赛后]RW 3-2 Hero：小俞苍刀尖舔血疯狂输出，RW绝地翻盘先拿赛点,点击链接，给双方选手本局表现打分王者荣耀挑战者杯淘汰赛（胜者组半决赛，BO7）Game5：蓝色方济南RW侠 红色方南通Hero久竞【Ban/Pick】蓝色方禁用：盾山 空空儿 狄仁杰 王昭君 西施选用,王者荣耀,https://bbs.hupu.com/636512692.html
[流言板]圣诞礼物？前竞购者向曼联提出5年3.75亿镑赞助方案,虎扑12月25日讯 据曼彻斯特晚报报道，前曼联竞购者托马斯-齐利亚库斯近日向俱乐部提出了一份价值3.75亿英镑的新提案。这位芬兰企业家曾在2023年试图收购曼联时，与吉姆-拉特克利夫爵士和谢赫-贾西姆,国际足球资讯,https://bbs.hupu.com/636512679.html
[流言板]WE 0-2 LGD，本届德玛西亚杯小组赛第二轮一局不胜,虎扑12月25日讯 随着WE 0-2不敌LGD，本届徳杯小组赛第二轮WE战绩也来到了：WE 0-2 IGWE 0-2 EDGWE 0-2 LGD本届德玛西亚杯第二轮一局不胜来源：虎扑电竞,英雄联盟,https://bbs.hupu.com/636512676.html
[一图流]小俞苍配合少司缘先收妖刀戈娅，随后开启逐日拿下三杀,虎扑12月25日讯 小俞苍配合少司缘先收妖刀戈娅，随后开启逐日拿下三杀来源：虎扑,王者荣耀,https://bbs.hupu.com/636512661.html
[流言板]穆迪谈追梦&科尔冲突：这是很好的交流，他们的出发点是好的,虎扑12月25日讯 明日NBA圣诞大战，勇士将坐镇主场迎战独行侠。在今日的训练结束后，勇士球员穆迪接受了采访。记者提问：“在德雷蒙德-格林和科尔的冲突中，你扮演了什么角色来试图缓和局势？”穆迪：“我只,篮球资讯,https://bbs.hupu.com/636512618.html
[流言板]赛后采访Heng：希望能进到下一轮打个BO5，（队伍）比赛经验更多了,来源：虎扑电竞,英雄联盟,https://bbs.hupu.com/636512585.html
[赛事视频]济南RW侠第四局赛中语音回放：东皇大我了；打后续,来源：虎扑,王者荣耀,https://bbs.hupu.com/636512457.html
[一图流]妮蔻大招击飞四人配合女枪大招，LGD团战大获全胜击杀多人,来源：虎扑,英雄联盟,https://bbs.hupu.com/636512445.html
[流言板]乔丹-奥特：杰伦-格林康复已到了最后阶段，他必须坚持下去,虎扑12月25日讯 近日，太阳主帅乔丹-奥特在接受采访时谈到了杰伦-格林的情况。奥特表示：“他现在只需要一天天踏实康复，坚持下去。康复已经到最后阶段了，他必须坚持下去。一天天把康复做好，咱们才能让他尽,篮球资讯,https://bbs.hupu.com/636512439.html
[流言板]惊喜！太阳队给每位球员送上一辆带有球衣号码的玩具车,虎扑12月25日讯 正值圣诞节之际，菲尼克斯太阳队给所有球员都送上了一份节日惊喜：一辆带有各自球员号码的玩具车。今日，太阳官方ins更新动态，晒出球员们收到礼物时的画面。“就像圣诞节早晨的孩子们一样,篮球资讯,https://bbs.hupu.com/636512407.html
[流言板]RW/Hero第四局数据图：梦溪苏烈视野价值46高于白清东皇,虎扑12月25日讯 RW/Hero第四局数据图：梦溪苏烈视野价值46高于白清东皇来源：虎扑,王者荣耀,https://bbs.hupu.com/636512393.html
[赛事视频]突击采访——小俞：知道对面要冲，复活甲都准备好了,来源：虎扑,王者荣耀,https://bbs.hupu.com/636512375.html
[流言板]SGA将以双料MVP身份出战圣诞大战，上一位是13年的詹姆斯,虎扑12月25日讯 明天凌晨3点半，NBA圣诞大战，雷霆主场迎战马刺。值得一提的是，谢伊-吉尔杰斯-亚历山大将成为自2013年勒布朗-詹姆斯以来，首位在圣诞节出战的NBA常规赛MVP和总决赛MVP球员,篮球资讯,https://bbs.hupu.com/636512349.html
[流言板]莫雷托：阿莱格里给加蒂打过电话&但没谈判，米兰只想租中卫,虎扑12月25日讯 意大利著名记者罗马诺与莫雷托共同更新了最新一期转会播客，并且谈到了米兰引进中卫的进展。“过去24小时内我们收到了大量尤文和米兰球迷的问询，主要是关于加蒂的情况，此外还有一些正在流传,国际足球资讯,https://bbs.hupu.com/636512341.html
[流言板]上海玄鸟社媒分享预告：主场揭幕战就是明天！明晚19:30不见不散,虎扑12月25日讯 上海玄鸟社媒分享预告。配文：主场揭幕战就是明天！明晚19:30不见不散！来源：抖音,CBA专区,https://bbs.hupu.com/636512334.html
[流言板]欧文：海皮亚是“最被低估”的队友，他总是被忽视,虎扑12月25日讯 近日，迈克尔-欧文在接受采访时表示，他认为海皮亚是自己心目中“最被低估的队友”，他理应被视为英超传奇，但他的名字却很少被提及。在长达17年的辉煌职业生涯中，欧文曾为利物浦、皇家马德,国际足球资讯,https://bbs.hupu.com/636512323.html
[流言板]本赛季护筐最低球队：国王第1、湖人第2、掘金第6、快船第9,虎扑12月25日讯 今日，美媒Stat Defender列出了本赛季NBA常规赛篮下防守投篮命中率（DFG%）最低的球队，具体如下：1、国王 — 70.2%2、湖人 — 69.9%3、爵士 — 69.,篮球资讯,https://bbs.hupu.com/636512036.html
[流言板]德拉克斯勒：很想知道如果当初加盟阿森纳或利物浦会怎样,虎扑12月25日讯 近日，德国球星德拉克斯勒在接受采访时承认，他很想知道，如果当初有机会时选择加盟阿森纳或利物浦中的一支，自己的职业生涯会如何发展。德拉克斯勒以沙尔克04天才新星的身份崭露头角，被全球,国际足球资讯,https://bbs.hupu.com/636512032.html
【直播】虎扑年度主播投票LCD为自己应援：这小伙一看就是大帝之姿！,,王者荣耀,https://bbs.hupu.com/636511971.html
CBA第三轮五佳球回顾，摩尔半场压哨三分领衔,转载自微博 CBA联赛,CBA专区,https://bbs.hupu.com/636502976.html
No.182  天才、资本、国家：黄金面前人人平等,主播 | 潇磊 刘飞-本期节目感谢世界黄金协会特约播出-从2024到2025，黄金已经狠狠涨了一年多，涨得很多人开始兴奋，长得很多人不再淡定。涨得很多人对它愈发感兴趣。可是我们真的了解黄金的真面目么？,步行街主干道,https://bbs.hupu.com/636502622.html
[流言板]穆迪：科尔说战绩会说明一切，我们有些输的比赛本来应该赢,虎扑12月25日讯 明日NBA圣诞大战，勇士将坐镇主场迎战独行侠。在今日的训练结束后，勇士球员穆迪接受了采访。记者提问：“你们认为你们的实力要比战绩要强吗？”穆迪：“科尔总说你的战绩会说明一切，但显然,篮球资讯,https://bbs.hupu.com/636511983.html
[赛事视频]Hero久竞第三局赛中语音回放——妖刀：可以兄弟们打得好！,来源：虎扑,王者荣耀,https://bbs.hupu.com/636511953.html
[流言板]辽宁女篮社媒分享片段：本期对话球员——蒂娅-库珀,虎扑12月25日讯 辽宁女篮社媒分享片段。配文：《连心 · 对话》第二期来啦！本期对话球员——蒂娅-库珀，一起来看看她的精彩回答吧！来源：微博,CBA专区,https://bbs.hupu.com/636511947.html
[流言板]Tangyuan岩雀打出2/1/13战绩，拿下LGD对阵WE第一局MVP,虎扑12月25日讯 在刚刚结束的德杯小组赛LGD对阵WE的比赛中，Tangyuan岩雀打出2/1/13战绩，拿下LGD对阵WE第一局MVP，这是他第2个MVP。来源：虎扑电竞,英雄联盟,https://bbs.hupu.com/636511937.html
[流言板]北青：36岁吴曦已与申花续约1年，申花元旦后前往迪拜拉练,虎扑12月25日讯 据北青体育记者肖赧报道，中超老牌劲旅上海申花队计划将于元旦过后重新集中，随后前往阿联酋迪拜进行新赛季备战的首阶段海外拉练，现年36岁的老将吴曦已确定随队西征。北京青年报记者获悉，这,中国足球,https://bbs.hupu.com/636511936.html
[流言板]本赛季护筐前十球队：雷霆第1、活塞第2、马刺第8、勇士第9,虎扑12月25日讯 今日，美媒Stat Defender列出了本赛季NBA常规赛篮下防守投篮命中率（DFG%）最高的球队，具体如下：1、雷霆 58.2%2、活塞 58.7%3、凯尔特人 60.9%4、,篮球资讯,https://bbs.hupu.com/636511923.html
[流言板]LGD首局集锦：中期团战屡战屡胜，LGD配合更优拿下首局,来源：虎扑电竞,英雄联盟,https://bbs.hupu.com/636511916.html
[JR热议]外网网友趣味创作：Peyz就这样融入了T1马戏团,CR：w_eye1,英雄联盟,https://bbs.hupu.com/636500385.html
[流言板]德杯第十日英雄麦克疯-hongQ：我鸦王肯定无敌呀,来源：微博,英雄联盟,https://bbs.hupu.com/636511911.html
[流言板]刘颜诚社媒分享与球队庆祝节日图集：又是一年圣诞,虎扑12月25日讯 刘颜诚社媒分享与球队庆祝节日图集。配文：又是一年圣诞🎄。CBA常规赛，明晚广州将客场挑战福建男篮。来源：抖音,CBA专区,https://bbs.hupu.com/636511903.html
[流言板]Hero/RW第三局数据图：妖刀几乎包围小俞，五项数据拉满,虎扑12月25日讯 Hero/RW第三局数据图：妖刀几乎包围小俞，五项数据拉满来源：虎扑,王者荣耀,https://bbs.hupu.com/636511875.html
[JR热议]暖暖的兰！Doran平安夜去做志愿者，帮助贫困家庭搬送蜂窝煤,据悉，T1上单选手Doran在平安夜这一天做志愿者，帮助贫困家庭搬送蜂窝煤太暖心了吧多兰！,英雄联盟,https://bbs.hupu.com/636511667.html
[赛后]LGD 1-0 WE：团战发挥更胜一筹，LGD中期团稳中求胜先下一城,点击为双方选手评分虎扑12月25日讯 Game1：蓝色方WE，红色方LGDWE禁用：婕拉、发条、石头人、韦鲁斯、女枪WE选用：Cube赛恩、Monki波比、Karis沙皇、About伊泽瑞尔、yaoy,英雄联盟,https://bbs.hupu.com/636511866.html
[流言板]RW/Hero第二局数据图：今屿几乎包围落尘，五项数据拉满,虎扑12月25日讯 RW/Hero第二局数据图：今屿几乎包围落尘，五项数据拉满来源：虎扑,王者荣耀,https://bbs.hupu.com/636511489.html
[流言板]本泽马重回法国队？前里昂球探：他只需25分钟就能扭转比赛,虎扑12月25日讯 前里昂球探热拉尔-博诺近日告诉Football Mercato，如果本泽马能重回法国队，那他能帮助法国的年轻球员。本泽马在这个月接受《队报》专访时，谈到了如果国家队愿意重新召唤自己,国际足球资讯,https://bbs.hupu.com/636511482.html
[流言板]公牛官方：约什-吉迪成为第六位24岁前达成25次三双的球员,虎扑12月25日讯 公牛队官方ins报道，约什-吉迪成为NBA历史上第6位在24岁之前获得25次三双的球员。 其他五位分别是：魔术师约翰逊、奥斯卡-罗伯特森、尼古拉-约基奇、卢卡-东契奇和本-西蒙斯。,篮球资讯,https://bbs.hupu.com/636511414.html
[流言板]崔晓龙：感谢江苏培养了我4年，希望球队后面越来越好,虎扑12月25日讯 今日CBA常规赛，上海将对阵江苏。赛前，上海球员崔晓龙接受了记者采访。崔晓龙：感谢江苏培养了我4年，希望球队后面越来越好。刚到新球队还要多去磨合多去适应，要按照球队的需求，上场后尽,CBA专区,https://bbs.hupu.com/636511412.html
梁靖崑年度报告：单打国际赛事1亚军3四强，胜率71.43%,梁靖崑以世界第7的排名结束2025赛季，全年一共参加42场比赛，获胜30场，胜率71.43%。全年单打国际赛事明细：1亚军：新加坡大满贯（不敌林诗栋）3四强：WTT重庆冠军赛（不敌林诗栋）、多哈世乒赛,乒乓球区,https://bbs.hupu.com/636511399.html
[赛后]RW 1-1 Hero：今屿橘右京伤害拉满，RW高爆发阵容扳回一城,点击链接，给双方选手本局表现打分王者荣耀挑战者杯淘汰赛（胜者组半决赛，BO7）Game2：蓝色方南通Hero久竞 红色方济南RW侠【Ban/Pick】蓝色方禁用：镜 裴擒虎 小乔 女娲 海月选用：坦然,王者荣耀,https://bbs.hupu.com/636511407.html
[流言板]广州男篮发布赛事预告：明日常规赛第6轮将客战福建,虎扑12月25日讯 广州男篮官方发布赛事预告。2025-2026赛季CBA联赛常规赛第六轮，2025年12月26日明晚19:35，广州男篮将客场挑战福建男篮。目前广州男篮取得了2胜2负的战绩。来源：微,CBA专区,https://bbs.hupu.com/636511359.html
[一图流]白清太乙真人闪现开团伤害不够，RW迂回输出打出零换二,虎扑12月25日讯 白清太乙真人闪现开团伤害不够，RW迂回输出打出零换二来源：虎扑,王者荣耀,https://bbs.hupu.com/636511343.html
[流言板]马刺队媒：索汉是队史圣诞大战唯一得到20+且80%命中率球员,虎扑12月25日讯 马刺媒体SpursMuse报道。杰里米-索汉是马刺队史唯一一位在圣诞大战中单场得分20+且投篮命中率80%+的球员。2024-2025赛季圣诞大战对阵尼克斯，杰里米-索汉出战33.,篮球资讯,https://bbs.hupu.com/636511341.html
杜锋指导赛后祝福徐昕：他的18岁生日礼物是让他首发登场,转载自微博 广东体育频道,CBA专区,https://bbs.hupu.com/636503142.html
[流言板]约基奇本赛季场均28.9分12板10.9助，篮板助攻均全联盟第一,虎扑12月25日讯 今日，NBA官方晒出了尼古拉-约基奇本赛季的数据。NBA官方配文：“NBA篮板王！NBA助攻王！尼古拉-约基奇本赛季的表现简直可以用“历史性”来形容！🤯”本赛季至今，约基奇共出战,篮球资讯,https://bbs.hupu.com/636511304.html
[一图流]白清太乙真人炸到小俞戈娅，哪吒跟上输出收下戈娅一血,虎扑12月25日讯 白清太乙真人炸到小俞戈娅，公孙离哪吒跟上输出收下戈娅一血来源：虎扑,王者荣耀,https://bbs.hupu.com/636511296.html
[流言板]其乐融融！曼联晒出合照拍摄花絮，阿玛德TV再上线、达洛特模仿姆伯莫合照低头,虎扑12月25日讯 曼联官方晒出合照拍摄花絮，阿玛德持相机拍摄队友，被马拉西亚调侃阿玛德TV、达洛特模仿姆伯莫合照低头，齐尔科泽“霸凌”海文。来源：YouTube,国际足球资讯,https://bbs.hupu.com/636511295.html
[流言板]比肩乔丹！弗拉格近11战场均25+6+4且60%TS，历史新秀第二人,虎扑12月25日讯 明天6点NBA圣诞大战，独行侠客场对阵勇士。据统计，库珀-弗拉格在近11场比赛中场均砍下25.1分6.4篮板4.3助攻，真实命中率61%。他也与迈克尔-乔丹一起，成为了仅有的两位在,篮球资讯,https://bbs.hupu.com/636511229.html
[赛事视频]南通Hero久竞第一局赛中语音回放：等线进塔，可以来打,来源：虎扑,王者荣耀,https://bbs.hupu.com/636511198.html
[流言板]爵士队社媒分享近期赛场精彩瞬间并配文：回家过节！,虎扑12月25日讯 爵士队官方更新社媒，晒出近期赛场精彩瞬间并配文：回家过节！12月27日，爵士将在主场迎战活塞。来源：Instagram,篮球资讯,https://bbs.hupu.com/636511180.html
[流言板]阿尔及利亚主帅：卢卡-齐达内脚下技术出色，我对他非常满意,虎扑12月25日讯 在昨晚阿尔及利亚3-0战胜苏丹的非洲杯赛后，阿尔及利亚主帅佩特科维奇盛赞了球队的门将卢卡-齐达内。“我认为卢卡为球队提供了安全的保障，他脚下技术出色，出击也很到位。他还没有太多国家,国际足球资讯,https://bbs.hupu.com/636511156.html
[流言板]Hero/RW第一局数据图：玖熙不知火舞对位领先，两项数据拉满,虎扑12月25日讯 Hero/RW第一局数据图：玖熙不知火舞对位领先，两项数据拉满来源：虎扑,王者荣耀,https://bbs.hupu.com/636511152.html
伍斯特城主帅称进球就圣诞训练，结果球踢飞球员反应如夺冠,来源：Weibo,足球话题区,https://bbs.hupu.com/636510601.html
[流言板]里夫斯：我和东契奇有很多相似之处，都喜欢在各种事上竞争,虎扑12月25日讯 近日，湖人球员奥斯汀-里夫斯接受了记者采访，谈到了自己和卢卡-东契奇之间的关系。里夫斯表示：“我发现我们有很多相似之处，虽然我不太喜欢这么说，但我们在各种不同的事情上都喜欢竞争。”,篮球资讯,https://bbs.hupu.com/636510579.html
卡拉菲奥里晒视频：将自己代言的内裤广告投放在了阿森纳站,来源：IG,足球话题区,https://bbs.hupu.com/636510491.html
[流言板]南京男篮啦啦队社媒分享舞蹈：我们本就明媚张扬在鲜花和爱里长大,虎扑12月25日讯 南京男篮啦啦队社媒分享舞蹈。配文：我们本就明媚张扬在鲜花和爱里长大。来源：抖音,CBA专区,https://bbs.hupu.com/636510539.html
[流言板]福斯特：B费和库尼亚是世界级强手，靠他们曼联才能走到现在,虎扑12月25日讯 日前，前曼联门将本-福斯特在做客个人播客节目《福斯特秀》时，强调了B费和库尼亚对红魔赛场表现的决定性作用。本-福斯特表示：“关键在于，曼联阵中确实有两位不折不扣的世界级强手。库尼亚,国际足球资讯,https://bbs.hupu.com/636510537.html
[流言板][K妹赛前报]更多嘉宾看好RW侠，越越/刺痛/天赐看好青训破军,虎扑12月25日讯 [K妹赛前报]更多嘉宾看好RW侠，越越/刺痛/天赐看好青训破军原文如下：2025王者荣耀挑战者杯双败淘汰赛D4【K妹赛前报】出炉！Hero对战RW ：6v13，更多嘉宾看好济南RW,王者荣耀,https://bbs.hupu.com/636510517.html
[流言板]费内巴切主席因涉毒被拘：毛发检测出毒品痕迹,虎扑12月25日讯 据土耳其官方媒体报道，土超豪门费内巴切主席萨德丁-萨兰因毛发样本中被检出毒品痕迹，于周三在伊斯坦布尔被拘留。萨兰上周已被传唤接受检察官问讯，并被送往法医机构提供毛发和血液样本。自1,国际足球资讯,https://bbs.hupu.com/636510515.html
[流言板]东契奇：赛季初我防守打得很好，我正在努力恢复到那种状态,虎扑12月25日讯 近日，湖人球员卢卡-东契奇接受了记者采访。东契奇表示：“赛季初我的防守打得很好，我正在努力恢复到那种状态。”东契奇还提到，他希望在处理完左小腿挫伤后能在圣诞节当天复出。来源：ESP,篮球资讯,https://bbs.hupu.com/636510510.html
[流言板]安徽皖江龙记录踩场训练日常：众志成城，主场迎战山东蜜獾,虎扑12月25日讯 安徽皖江龙社媒分享日常视频。配文：比赛日！晚上七点半，众志成城，主场迎战山东！来源：抖音,CBA专区,https://bbs.hupu.com/636510472.html
[流言板]李根社媒分享与球迷互动片段：感谢大家穿越山河的奔赴,虎扑12月25日讯 李根社媒分享与球迷互动片段。配文：感谢大家穿越山河的奔赴，也感谢每一份被时光验证的热爱。来源：抖音,CBA专区,https://bbs.hupu.com/636510460.html
[流言板]生日快乐！河南队官方发文为主教练拉莫斯庆生,虎扑12月25日讯 北京时间2025年12月25日，河南队官方发文为主教练拉莫斯庆生。拉莫斯在2025赛季率队历史性地闯入足协杯决赛，并当选中超年度最佳教练。今天是一线队主教练丹尼尔·拉莫斯的生日，祝,中国足球,https://bbs.hupu.com/636510451.html
[流言板]CBA官方：王浩然本赛季场均得分和篮板均位列本土球员前十,虎扑12月25日讯 据CBA官方发文，​​12月22日，深圳马可波罗与山东高速的比赛战至最后一刻，深圳队后卫史密斯突破时遭遇三人包夹，他将球分给了在顶弧准备接球的王浩然，王浩然没有任何犹豫，一记跳投完,CBA专区,https://bbs.hupu.com/636510435.html
[流言板]三进三出！丁伟生涯至今曾三次出任浙江主帅，但均难逃下课,虎扑12月25日讯 据此前报道，浙江主教练丁伟将下课，并由前广厦助教法莱卡斯接任。据统计，执教生涯至今丁伟曾三次出任浙江队主帅，但均难逃下课。丁伟曾在2010-12赛季、2015-16赛季、2025-,CBA专区,https://bbs.hupu.com/636510431.html
[流言板]安徽皖江龙分享日常：主教练变身圣诞老人，给外援送礼物来了,虎扑12月25日讯 安徽皖江龙社媒分享日常视频。配文：圣诞快乐！快开门，主教练李骏变身圣诞老人，给外援送礼物来了！来源：抖音,CBA专区,https://bbs.hupu.com/636510393.html
[流言板]山东蜜獾分享球队训练动态：今晚对阵安徽皖江龙，冲击两连胜,虎扑12月25日讯 山东蜜獾男篮分享日常视频。今晚NBL常规赛，山东蜜獾对阵安徽皖江龙。来源：抖音,CBA专区,https://bbs.hupu.com/636510378.html
Happy时光！维尼修斯和米利唐一家一起过圣诞,来源：Weibo,足球话题区,https://bbs.hupu.com/636510350.html
非洲杯穆图萨米躺在担架上时摊手，表示自己不需要担架,来源：weibo,足球话题区,https://bbs.hupu.com/636510337.html
[海克斯试炼]海克斯大乱斗高手在哪里？来发帖讨论玩法解锁限定头像框及好礼！,海克斯大乱斗这段时间，大家应该都玩嗨了。海克斯一开，爽是真爽，赢的离谱，输的更离谱！局间时刻上虎扑发个帖，和最懂你的JRs一同复盘吐槽，参与虎扑[海克斯试炼]发帖活动，即可解锁多款限定【心之钢】叠层头,英雄联盟,https://bbs.hupu.com/636502237.html
[流言板]祝铭震日常训练片段：实战反应，在内外交替中变化脚的方向,虎扑12月25日讯 训练师唐天天社媒分享日常视频。配文道：实战反应，通过哪几步去阅读是关键，在内、外交替中变化脚的方向。来源：抖音,CBA专区,https://bbs.hupu.com/636509595.html
李凯尔23年世界杯集锦回顾，场均得到13分5板3助1断,转载自微博 RV篮球,CBA专区,https://bbs.hupu.com/636503198.html
[流言板]哪款是你的记忆？回顾历年多场圣诞大战赛场照&球星上脚球鞋,虎扑12月25日讯 nbafashionfits更新社媒，回顾历年多场圣诞大战赛场照及球星上脚的圣诞配色球鞋。图中包括詹姆斯Nike Lebron7&amp;11&amp;15、科比Nike Kobe,运动装备,https://bbs.hupu.com/636509566.html
[流言板]NBA官方预热圣诞大战：西部前两名强强对决，马刺力争八连胜,虎扑12月25日讯 明日NBA圣诞大战，雷霆将对阵马刺。NBA官方赛前晒出海报预热这场比赛：“NBA最炙手可热的新对决。西部前两强强强对决。圣诞大战第三回合。文班领衔的圣安东尼奥马刺队（西部第二）力争,篮球资讯,https://bbs.hupu.com/636509559.html
[流言板]库里生涯圣诞大战4胜7负，场均17.6分6.4助&三分命中率仅28%,虎扑12月25日讯 明天11点NBA圣诞大战，勇士主场迎战独行侠。据统计，斯蒂芬-库里职业生涯至今共出战11次圣诞大战，战绩为4胜7负，期间场均可以得到17.6分6.4助攻，三分命中率仅28%。来源：,篮球资讯,https://bbs.hupu.com/636509556.html
[流言板]WCBA官方发布今日焦点战预告：江苏对阵四川，山西对阵广东,虎扑12月25日讯 今日，WCBA联赛官方更新社媒，发布今日焦点战赛事预告。其中，江苏将对阵四川，山西将对阵广东。目前A组中，广东暂列第一，山东位列第二。来源：微博,CBA专区,https://bbs.hupu.com/636509551.html
[流言板]是否觉得你有点格林奇了？马雷斯卡：大家庭有好有坏很正常,虎扑12月25日讯 英国天空体育在平安夜当晚，放出切尔西主教练马雷斯卡的圣诞节专访。圣诞快乐。马雷斯卡，这次圣诞节只有一天，你打算怎么过？和家人团聚，和孩子们待在一起。意大利的家人也要来了，所以又是和,国际足球资讯,https://bbs.hupu.com/636507169.html
[流言板]23岁生日快乐！NBA官方晒照为威尔-理查德庆生,虎扑12月25日讯 NBA官方更新X，晒出一张勇士球员威尔-理查德的照片并为其献上生日祝福。“让我们一起祝威尔-理查德23岁生日快乐！”NBA官方附文道。本赛季至今，威尔-理查德场均可以得到8.1分2,篮球资讯,https://bbs.hupu.com/636509490.html
[流言板]亚历山大12月场均得分和进球均联盟第1，但造犯规次数第35,虎扑12月25日讯 今日，雷记Royce Young发推分享了一组谢伊-吉尔杰斯-亚历山大的数据。亚历山大12月以场均32.4分和运动战进球12个领跑NBA得分榜和投篮命中榜。但他本月仅制造35次犯规,篮球资讯,https://bbs.hupu.com/636509472.html
[流言板]宝刀不老！申花旧将莫雷诺在一场元老赛上挑射破门,虎扑12月25日讯 近日，原哥伦比亚国家队队长耶佩斯的元老告别赛在哥伦比亚进行，如伊基塔等名将均参与了比赛。原上海申花队长莫雷诺也参与了本场比赛，还在比赛里打进一粒漂亮的挑射破门。来源：X,中国足球,https://bbs.hupu.com/636509409.html
[流言板]帕金斯：马刺是冠军争夺者，但对雷霆来说掘金才是最大威胁,虎扑12月25日讯 今日，肯德里克-帕金斯在一档节目中谈及西部哪支球队对雷霆构成最大威胁时表示：“我认为马刺是真正的总冠军争夺者……但最大的威胁依然是丹佛掘金队。”马刺刚刚双杀了雷霆，而掘金和雷霆本赛,篮球资讯,https://bbs.hupu.com/636509383.html
[流言板]焦作文投总结比赛：球迷用最纯粹的热爱，给我们注入了力量,虎扑12月25日讯 昨日NBL联赛：长沙勇胜102:80战胜焦作文投。赛后，焦作文投发文总结比赛。配文：12月24日的焦作太极体育中心太极馆，依旧被 “河南队加油”，“焦作必胜” 的声浪裹满！2025,CBA专区,https://bbs.hupu.com/636509372.html
[流言板]ESPN预测明日圣诞大战：掘金胜率59.9%，森林狼胜率40.1%,虎扑12月25日讯 明日NBA圣诞大战，掘金将对阵森林狼。赛前，美媒ESPN预测本场比赛，掘金胜率为59.9%，森林狼胜率为40.1%。目前，掘金取得21胜8负，森林狼则取得20胜10负。来源：ESP,篮球资讯,https://bbs.hupu.com/636509369.html
[流言板]本赛季新秀单场得分纪录top6：状元库珀-弗拉格占3席,虎扑12月25日讯 据统计，本赛季新秀单场得分纪录top6中，状元库珀-弗拉格占3席，具体如下：42分 - 库珀-弗拉格  35分 - 库珀-弗拉格  34分 - VJ-埃奇库姆  33分 - 库珀-,篮球资讯,https://bbs.hupu.com/636509353.html
[流言板]刺记：凯尔登-约翰逊明日将迎来为马刺效力的第400场比赛,虎扑12月25日讯 昨日NBA常规赛，马刺以130-110战胜雷霆。本场比赛，马刺球员凯尔登-约翰逊出战22分钟，16投10中，其中三分球9投5中，得到25分1篮板1助攻。马刺队记Dan Weiss发,篮球资讯,https://bbs.hupu.com/636509309.html
[流言板]江西鲸裕发布赛事预告：明晚对阵合肥狂风，见证胜利启航！,虎扑12月25日讯 据江西鲸裕清酒男篮发文，12月26日（星期五）19:30，在赣州市体育中心篮球馆，江西鲸裕清酒男篮四连主场首战来袭，迎战劲旅合肥狂风。振奋人心的是，球队四外援已全员就位，齐聚赣地主,CBA专区,https://bbs.hupu.com/636509300.html
[流言板]《巴黎人报》评巴黎12月最佳球员——2号门将萨福诺夫,虎扑12月25日讯 近日，《巴黎人报》评选出了巴黎圣日耳曼的“月度最佳球员”——俄罗斯门将马特维-萨福诺夫。根据《巴黎人报》记者的评分，萨福诺夫以7.25/10的平均分当选巴黎月度最佳球员。这是这位俄,国际足球资讯,https://bbs.hupu.com/636509273.html
[流言板]朱正展示自己不看人秒传瞬间：这球你能打多少分？,虎扑12月25日讯 朱正社媒分享日常视频。今夏FIBA U19男篮世界杯，朱正共代表中国队出战6场比赛，场均出战24.5分钟，得到11.2分2.3篮板4.2助攻1.5抢断，投篮命中率39.1%，三分命,CBA专区,https://bbs.hupu.com/636509266.html
[预告]济南RW侠对阵南通Hero久竞首发出炉，谁能晋级胜决？,赛事预告&amp;首发名单⏩14:00 济南RW侠 对阵 南通Hero久竞对抗路：RW侠小度 打    野：RW侠今屿oo 中    路：RW侠挽墨 发育路：RW侠小俞 游    走：RW侠梦溪,王者荣耀,https://bbs.hupu.com/636508899.html
[流言板]皮尔斯预测湖人VS火箭：湖人赢，东契奇可能拿60+,虎扑12月25日讯 近日，NBA名宿凯文-加内特和保罗-皮尔斯在节目KG Ceified中，谈到了圣诞大战火箭对阵湖人：加内特：“下一场是火箭打湖人，这是他们本赛季第一次交手。”皮尔斯：“哦，火箭和湖,篮球资讯,https://bbs.hupu.com/636509243.html
[流言板]希勒：若用纽卡英超排名靠后换取联赛杯冠军，我会欣然接受,虎扑12月25日讯 近日，阿兰-希勒接受了Betfair的独家专访，在此之中这位传奇球员讨论了纽卡斯尔目前的现状，谈到了他作为球员时的圣诞与现在的不同，以下是专访的最后一部分。把今年的联赛杯冠军再给我,国际足球资讯,https://bbs.hupu.com/636508851.html
[流言板]希勒：不指望维拉能赢得英超，保持前四是现实目标,虎扑12月25日讯 近日，阿兰-希勒接受了Betfair的独家专访，在此之中这位传奇球员讨论了对阿斯顿维拉的期待，谈论了布鲁诺-费尔南德斯在曼联的地位，以下是专访的第二部分。我不指望阿斯顿维拉能赢得英,国际足球资讯,https://bbs.hupu.com/636508845.html
[流言板]希勒：如果世界杯明天开踢，罗杰斯将成为英格兰的首发,虎扑12月25日讯 近日，阿兰-希勒接受了Betfair的独家专访，在此之中这位传奇球员讨论了亚历山大-伊萨克面临的挫折，谈论了利物浦的脆弱，也谈论了对罗杰斯在世界杯上的高期望，以下是专访的第一部分。,国际足球资讯,https://bbs.hupu.com/636508842.html
[流言板]库里晒圣诞大战赛场照：多么美好的回忆啊，祝大家节日快乐,虎扑12月25日讯 勇士队球员斯蒂芬-库里更新Ins，回顾自己历年圣诞大战赛场照。“能在圣诞节打球永远是一种祝福，这么多年有这么多美好的回忆！祝大家圣诞快乐🎄🎅🏻”库里如此感叹道。库里职业生涯至,运动装备,https://bbs.hupu.com/636508831.html
[流言板]马丁内利：不觉得阿森纳排英超榜首有争冠压力，我们很冷静,虎扑12月25日讯 阿森纳边锋马丁内利在近日接受了天空体育的采访，在采访中他谈到了枪手在圣诞节期间占据英超积分榜榜首位置时的内心感受。关于圣诞节时占据英超榜首我并不会觉得处于榜首位置就背负着巨大压力，,国际足球资讯,https://bbs.hupu.com/636508816.html
[流言板]罗齐尔律师：罗齐尔可能违反博彩公司规则，但不构成犯罪,虎扑12月25日讯 美媒The Athletic记者Mike Vorkunov撰文报道，热火后卫特里-罗齐尔的律师Jim Trusty要求联邦法院法官驳回联邦政府对他提起的诉讼。此前，联邦检察官在一项,篮球资讯,https://bbs.hupu.com/636508811.html
朱正美高集锦回顾，得到11分4板3助1断带队取得第五名,转载自微博 Monkey会尬聊,CBA专区,https://bbs.hupu.com/636503006.html
[JR热议]记得：这次德杯很多年轻人打的不错，好好练未来能看到希望,,英雄联盟,https://bbs.hupu.com/636503519.html
[流言板]张博源父亲更新社媒分享聚餐日常： 圣诞快乐,虎扑12月25日讯 张博源父亲更新社媒分享聚餐日常。配文：圣诞快乐。来源：抖音,CBA专区,https://bbs.hupu.com/636508788.html
[流言板]乌度卡：昨天输快船，可能是我们赛季最糟糕的一场失利,虎扑12月25日讯 火箭主帅乌度卡今天接受了采访，谈到了球队近期的挣扎。乌度卡表示：“我们只需要重拾团队的本来面貌。昨天输给快船，可能是我们赛季最糟糕的一场失利。当然，你总会遇到那些低迷的夜晚。输给掘,篮球资讯,https://bbs.hupu.com/636508751.html
[流言板]哈达威：冲突时库里应该站出来喊停，而不是坐着看事情重演,虎扑12月25日讯 近日，前NBA球员蒂姆-哈达威在接受SiriusXMNBARadio采访时，谈到了此前勇士的冲突，并点名提到了斯蒂芬-库里与德雷蒙德-格林。哈达威表示：“在那个暂停里，站出来说话的,篮球资讯,https://bbs.hupu.com/636508749.html
[流言板]上海玄鸟社媒分享赛后主帅采访：我们肯定会去挑战你的,虎扑12月25日讯 上海玄鸟社媒分享赛后主帅采访。配文：“我们肯定会去挑战你的”。NBL常规赛，上海玄鸟74-94不敌香港金牛。来源：抖音,CBA专区,https://bbs.hupu.com/636508730.html
[流言板]杜兰特生涯圣诞大战6-6，场均28.5分7.2板4.9助1.3断1.2帽,虎扑12月25日讯 明天NBA圣诞大战，火箭客战湖人。凯文-杜兰特将迎来职业生涯第13次圣诞大战，此前他在圣诞大战的战绩是6胜6负。杜兰特12场圣诞大战场均得到28.5分7.2篮板4.9助攻1.3抢断,篮球资讯,https://bbs.hupu.com/636508683.html
[流言板]亚冠2十六强确定，淘汰赛阶段抽签将在12月30日于吉隆坡进行,虎扑12月25日讯 随着昨日凌晨最后一场亚冠2小组赛战罢，本赛季亚冠2东、西亚16强已确定。东亚晋级队伍：麦克阿瑟FC、河内公安、大阪钢巴、拉查武里、万隆、曼谷联、淡滨尼流浪者、浦项铁人。西亚晋级队伍,国际足球资讯,https://bbs.hupu.com/636508646.html
[流言板]防守强队？篮网12月至今防守效率102.8，同期联盟最佳,虎扑12月25日讯 昨日NBA常规赛，篮网客场114-106战胜76人。据统计，篮网12月至今防守效率102.8，同期联盟最佳。相较于赛季初0胜7负时的128.5的防守效率，提升了25.7！来源：X,篮球资讯,https://bbs.hupu.com/636508642.html
[流言板]哈登社媒宣传马年配色Harden.10：中国永远是我的第二个家,虎扑12月25日讯 快船队球员詹姆斯-哈登更新Ins，宣传新款农历马年配色adidas Harden Vol.10。“中国永远是我的第二个家，马年配色Harden.10现已在adidas官网以及中国零,运动装备,https://bbs.hupu.com/636508610.html
[流言板]火记：火箭正朝着52胜的节奏前进，这与上赛季的战绩相同…,虎扑12月25日讯 今日，火记Bradeaux更新动态，谈到了火箭的战绩：火箭（17胜10负）目前正朝着52胜的节奏前进，这与他们上赛季的战绩相同……无论弗雷德-范弗利特是否在阵，这支队伍若无进步都是,篮球资讯,https://bbs.hupu.com/636508601.html
[流言板]面对家乡！米切尔：能在花园球馆打圣诞大战对我意义重大,虎扑12月25日讯 近日，骑士球员多诺万-米切尔接受了Marc J. Spears的专访：米切尔谈到了即将到来的圣诞节比赛，他将代表骑士对阵家乡球队纽约尼克斯。他表示在麦迪逊广场花园打圣诞赛意义非凡，,篮球资讯,https://bbs.hupu.com/636508574.html
[流言板]近10场同场，浓眉场均22.1分12板，弗拉格21.2分6.2板5助,虎扑12月25日讯 在最近10场浓眉和弗拉格同场的比赛，两人都交出了不俗的数据。浓眉场均22.1分12板3.4助1.1断1.7盖帽，命中率52.7%，三分35%；弗拉格场均21.2分6.2板5助1.2,篮球资讯,https://bbs.hupu.com/636508569.html
[流言板]詹姆斯杜兰特将第5次在圣诞大战中交手，此前4场詹姆斯3-1,虎扑12月25日讯 明天9点NBA圣诞大战，火箭客场对阵湖人。据统计，这是凯文-杜兰特和勒布朗-詹姆斯第五次圣诞大战。之前4场，詹姆斯所在球队战绩为3胜1负。来源：X,篮球资讯,https://bbs.hupu.com/636508560.html
[流言板]阿莫林：若不确定是否相信冬窗引进的球员，那我宁愿不引援,虎扑12月25日讯 曼联主帅阿莫林近日接受了天空体育采访，这位葡萄牙人也谈到了相关话题和情况。关于本赛季学到的东西其实我很想回到去年。当时我们承受了很多痛苦，现在想起来，我会用完全不同的方式去做。今年,国际足球资讯,https://bbs.hupu.com/636508136.html
[流言板]外媒爆料龙女重做后局内模型：保留双形态与火焰技能,虎扑12月25日讯 外媒爆料龙女重做后局内模型：保留双形态与火焰技能。来源：X,英雄联盟,https://bbs.hupu.com/636508128.html
[流言板][今日首发]妖刀对位小俞，暖阳对位染详谁能带队晋级胜决？,虎扑12月25日讯 [今日首发]妖刀对位小俞，暖阳对位染详谁能带队晋级胜决？原文如下：2025王者荣耀挑战者杯双败淘汰赛D4【首发名单】送达 ！14:00 南通Hero久竞 vs 济南RW侠 19:0,王者荣耀,https://bbs.hupu.com/636508103.html
[流言板]巴尔塔萨尔：梅西私下很爱开玩笑，他和德保罗在一起真能闹,虎扑12月25日讯 经过在迈阿密国际的一年租借并实现了与梅西一起踢球的梦想后，巴尔塔萨尔-罗德里格斯重返竞赛俱乐部。近日，这位年轻的球员接受了阿根廷媒体《奥莱报》的采访，他谈到了这段经历给他的收获，谈,国际足球资讯,https://bbs.hupu.com/636508092.html
[流言板]巴尔塔萨尔：技术上阿超更胜一筹，但美职联已很有竞争力了,虎扑12月25日讯 经过在迈阿密国际的一年租借并实现了与梅西一起踢球的梦想后，巴尔塔萨尔-罗德里格斯重返竞赛俱乐部。近日，这位年轻的球员接受了阿根廷媒体《奥莱报》的采访，以下是采访的上半部分。22岁的,国际足球资讯,https://bbs.hupu.com/636508089.html
[流言板]认得出来吗？勇士官方晒队员们的卡通画像预热圣诞大战,虎扑12月25日讯 明日NBA常规赛，勇士将主场对阵独行侠。赛前，勇士官方更新动态，晒出一张队员们的卡通画像预热圣诞大战。“在主场迎来圣诞大战！”勇士官方附文道。来源：X,篮球资讯,https://bbs.hupu.com/636508079.html
拓记评瀚森表现：正负值+1没拖后腿，对新秀来说不错了,转载自微博 西海岸篮球,CBA专区,https://bbs.hupu.com/636502881.html
[JR热议]天：不会真有人觉得职业选手菜吧，成名选手没一个菜的,,英雄联盟,https://bbs.hupu.com/636503147.html
对于海港，有些名字具有特殊意义,我对于这些名字的选择，不仅取决于他们的实力和贡献，还看重一些特殊的象征意义。比如锋线上的海森，见证了球队只能选择性价比外援的时代。比如左边后卫选择孙祥而不是李帅，是因为见证了我们遭受各种极端恶意的时代,上海海港,https://bbs.hupu.com/636507348.html
[流言板]美记：活塞截止日前不会激进操作，将以机会主义心态应对,虎扑12月25日讯 今日，活塞相关媒体Pistons Talk转述了ESPN记者Tim MacMahon在The Hoop Collective播客中的表态，谈到了活塞在交易截止日前的整体思路。Mac,篮球资讯,https://bbs.hupu.com/636507999.html
[流言板]12月3日起，伦纳德哈登同场的193分钟内，快船净胜对手75分,虎扑12月25日讯 今日，快船随队记者Justin Russo在社媒发文，谈到了伦纳德与哈登自12月3日以来的使用变化及效果。Russo表示，虽然这段时间只有8场比赛，但自12月3日起，伦纳德和哈登的,篮球资讯,https://bbs.hupu.com/636507943.html
[流言板]上海男篮官方分享赛事预告：球队今晚将主场迎战江苏男篮,虎扑12月25日讯 CBA常规赛，上海男篮将对阵江苏男篮。赛前，上海男篮官方分享赛事预告：球队今晚将主场迎战江苏男篮。配文：🎙️：比赛预告🗓️：2025-2026赛季CBA常规赛第6轮🆚：上海久,CBA专区,https://bbs.hupu.com/636507929.html
[流言板]NBL今日常规赛第二轮赛程：第二轮最后两场比赛将于今晚进行,虎扑12月25日讯 今日NBL常规赛继续进行。NBL官方分享海报公布今晚常规赛第二轮赛程。配文：NBL常规赛第二轮最后两场比赛将于今晚进行！上赛季，香港金牛夺得了NBL总冠军。来源：微博,CBA专区,https://bbs.hupu.com/636507894.html
[流言板]排面！上海海港建队20周年，国际足联主席因凡蒂诺送视频祝福,上海海港俱乐部社媒晒出因凡蒂诺祝福视频并配文，近日，我们荣幸收悉国际足联主席因凡蒂诺先生的视频祝福。他重温了到访俱乐部的点滴记忆，对海港的发展路径给予肯定，并对球队取得的成绩表示祝贺。因凡蒂诺特别寄语,中国足球,https://bbs.hupu.com/636507892.html
[流言板]直接影响结果！裁判报告：里萨谢犯规为误判，怀特自己倒地,虎扑12月25日讯 今日，NBA裁判官方更新了昨日老鹰和公牛的裁判报告。NBA官方赛后确认，昨晚老鹰对阵公牛比赛最后时刻吹罚的一次犯规判罚存在错误。官方给出的解释是：“公牛球员科比-怀特是在没有受到老,篮球资讯,https://bbs.hupu.com/636507889.html
[流言板]TA：奥比失望本赛季没为曼联一队出场，相信能成球队2号中锋,虎扑12月25日讯 近日，著名媒体TA撰写专栏，谈到了曼联前锋小将奥比-马丁的情况。以下是TA文章专栏内容在奥比为曼联一线队踢了218分钟比赛的第一年后，人们本以为他本赛季在主帅阿莫林手下会获得更多出,国际足球资讯,https://bbs.hupu.com/636507825.html
暖！天空下起大雨，突尼斯球员将外套脱下来给球童挡雨,来源：weibo,足球话题区,https://bbs.hupu.com/636507809.html
[流言板]哈兰德晒出和女友的甜蜜合照，配文：圣诞快乐！,虎扑12月25日讯 12月25日是圣诞节。今天早些时候，曼城球星更新了社交媒体，晒出了自己和女友的合照。照片中，哈兰德的女友身穿红色长裙亮相。两人搂在一起，看起来十分甜蜜。哈兰德的社媒配文这样写道：圣,国际足球资讯,https://bbs.hupu.com/636507800.html
[流言板]本菲卡内部将奥塔门迪形容为普雷斯蒂亚尼的父亲，全力育儿,虎扑12月25日讯 葡萄牙三大报之一的记录报的头版消息，阿根廷老将奥塔门迪在本菲卡起到了传帮带的积极作用。普雷斯蒂亚尼在对阵法马利康的比赛中再次展现了积极的回应——他的队友和教练组在更衣室里就对这位被,国际足球资讯,https://bbs.hupu.com/636507787.html
[流言板]斯科尔斯表示喜欢吃抱子甘蓝，尼基-巴特：真恶心，肮脏的XX,"虎扑12月25日讯 近日在尼基-巴特的播客节目《The good,The bad &amp; The football》中，保罗-斯科尔斯因其对圣诞大餐的选择，被感到恶心的帕迪和巴特嫌弃了。斯科尔斯说",国际足球资讯,https://bbs.hupu.com/636507778.html
[流言板]希勒：在我看来狼队已提前降级，红军阵容深度足够击败他们,虎扑12月25日讯 北京时间12月27日23:00，利物浦将迎来同狼队的英超比赛。赛前，阿兰-希勒预测了他对这场比赛赛果的看法。阿兰-希勒在接受Betfair采访时表示：“狼队正在朝着英超历史最差球队,国际足球资讯,https://bbs.hupu.com/636507068.html
[流言板]科尔：格林忠诚且充满激情，无论何时我都会为他挺身而出,虎扑12月25日讯 勇士主教练史蒂夫-科尔今日接受采访，谈起了他与球队前锋德雷蒙德-格林之间的关系。“我喜欢德雷蒙德（格林）的一点就是他的忠诚，他是个忠诚的人。他对勇士忠诚，对我忠诚，对斯蒂芬（库里）,篮球资讯,https://bbs.hupu.com/636507040.html
[流言板]奥斯卡：博阿斯曾致电邀请我加盟，但切尔西比热刺更出色,虎扑12月25日讯 曾两度随切尔西夺得英超冠军的巴西球星奥斯卡，近日首次袒露心扉，讲述了当年为何放弃托特纳姆热刺、转而选择加盟斯坦福桥的缘由。在接受前切尔西队友约翰-奥比-米克尔的播客采访时，奥斯卡谈,国际足球资讯,https://bbs.hupu.com/636507006.html
[流言板]科尔：要认清自我，在奋斗中保持尊严，这是生活的一部分,虎扑12月25日讯 勇士主教练史蒂夫-科尔今日接受采访，他相信球队能像上赛季那样，在开始只有27胜27负的情况下，后半赛季拿到21胜7负的成绩反弹。不过科尔也表示，他们已经不是2017年左右那支统治联,篮球资讯,https://bbs.hupu.com/636506983.html
十年磨一剑，二十载铸王朝！海港队史最佳阵容评选开启,2005年12月25日，上海海港的前身，上海东亚足球俱乐部正式成立。经过20年的风风雨雨，这支球队已为上海带来了无数的荣誉。俱乐部20岁生日之际，虎扑足球推出上海海港队史最佳阵容评选活动，欢迎各位JR,上海海港,https://bbs.hupu.com/636506976.html
[流言板]韦斯-布朗：费迪南德能力在范戴克之上，不过两人差距不大,虎扑12月25日讯 日前，韦斯-布朗在接受采访时，谈到了他对范戴克和费迪南德两位球员的看法。韦斯-布朗表示：“让我选的话，我会百分之百选择费迪南德，而不是范戴克。当然，我可能会有私心，但只要你看过费迪,国际足球资讯,https://bbs.hupu.com/636506968.html
详细表现集锦 |  杨瀚森4分2篮板2助攻1抢断1盖帽 | 魔术VS开拓者,,开拓者专区,https://bbs.hupu.com/636495131.html
【直播】大黄指出AG最大问题：一、解不解盾山；二、四分钟前节奏,,王者荣耀,https://bbs.hupu.com/636497584.html
[流言板]广厦男篮分享赛事预告：球队将于今晚迎战辽宁男篮,虎扑12月25日讯 CBA常规赛：广厦男篮将对阵辽宁男篮。赛前，广厦男篮分享赛事预告：球队将于今晚迎战辽宁男篮。配文：【赛事预告】2025-2026赛季CBA联赛常规赛第6轮🏀浙江方兴渡vs辽宁本钢,CBA专区,https://bbs.hupu.com/636506939.html
[流言板]NBA官方：国王球员拉塞尔-威斯布鲁克因假摔被罚款2000美元,虎扑12月25日讯 今日，NBA官方账号NBA Offcial发布推文，谈到了国王球员拉塞尔-威斯布鲁克。推文提到，威少将因为在对阵活塞的比赛中假摔而被罚款2000美元。本赛季，威少场均可以得到14.,篮球资讯,https://bbs.hupu.com/636506915.html
[流言板]萨顿：看好纽卡赢下曼联，前者或许只需进1球就能锁定胜局,虎扑12月25日讯 北京时间12月27日凌晨4点，曼联将迎来同纽卡斯尔的英超比赛。赛前，萨顿在接受BBC体育采访时，谈到了他对这场比赛的赛果预测。萨顿表示：“尽管曼联输给了阿斯顿维拉，但红魔在比赛中的,国际足球资讯,https://bbs.hupu.com/636506911.html
[流言板]邦马蒂谈骨折伤情：计划四月复训；受伤让我放松和思考,虎扑12月24日讯 巴萨及西班牙女足核心艾塔娜-邦马蒂近期接受了ESPN专访。在连续第三年蝉联ESPN年度最佳女足运动员后，这位三届金球奖得主详细谈到了自己目前的腿部伤情及心理状态。本月早些时候，27,国际足球资讯,https://bbs.hupu.com/636506895.html
[流言板]ESPN预测明日圣诞大战：火箭胜率61.5%，湖人胜率38.5%,虎扑12月25日讯 明日NBA常规赛，火箭将对阵湖人。赛前，美媒ESPN预测本场比赛，火箭胜率61.5%，湖人胜率38.5%。目前，火箭取得了17胜10负的战绩，湖人则为19胜9负，目前双方均遭遇两连,篮球资讯,https://bbs.hupu.com/636506892.html
[流言板]张博源日常球队训练片段：结果是验证训练的唯一标准,虎扑12月25日讯 张博源父亲社媒分享张博源日常训练片段。配文：结果是验证训练的唯一标准。此前，美国体育媒体ON3 Spos发布了最新一期2026届高中生排名。其中，中国留洋球员张博源排名全美第35位,CBA专区,https://bbs.hupu.com/636506870.html
[流言板]NBA圣诞大战预告海报：这是史上得分能力最强的对决组合,虎扑12月25日讯 今日，NBA官方在社媒上发布圣诞大战预告海报，并配文：“这是史上得分能力最强的对决组合，这份圣诞礼物太精彩了。”海报当中标注了火箭球员凯文-杜兰特与湖人球员勒布朗-詹姆斯的生涯常规,篮球资讯,https://bbs.hupu.com/636506856.html
[流言板]栾利程分享赛后更衣室图集并配文：主场四连胜，继续磕他,虎扑12月25日讯 CBA常规赛，吉林87-73战胜北控。吉林球员栾利程全场出战25分钟，10投8中得到22分3篮板1抢断。赛后，栾利程社媒分享更衣室照片并配文：主场四连胜，继续磕他。来源：抖音,CBA专区,https://bbs.hupu.com/636506849.html
[流言板]姜伟泽社媒分享赛后片段并配文：好久没四连胜了，开心一下吧,虎扑12月25日讯 姜伟泽社媒分享赛后片段。配文：好久没四连胜了，开心一下吧。在昨日比赛中，吉林男篮战胜北控男篮。来源：抖音,CBA专区,https://bbs.hupu.com/636506836.html
[流言板]上海玄鸟主帅：球队定位是挑战者，不会因为一场而改变目标,虎扑12月25日讯 今日NBL常规赛：香港金牛94-74战胜上海玄鸟。赛后，上海玄鸟主帅杨赞接受媒体采访谈及本场比赛表示：“我们可以接受这样的比赛过程，但全队19次失误显然太多。球队的定位始终是挑战者,CBA专区,https://bbs.hupu.com/636506817.html
[流言板]记录报：本菲卡冬窗目标一名前锋，想帮穆帅提高锋线多样性,虎扑12月25日讯 葡萄牙三大报之一的记录报头版消息，本菲卡主教练何塞-穆里尼奥并不打算引进太多新球员，但他并未排除签下一名前锋的可能性。本菲卡俱乐部去年夏天斥资2000万欧元签下伊万诺维奇后，正准备,国际足球资讯,https://bbs.hupu.com/636506815.html
[流言板]北京女篮总结比赛：虽未取胜，姑娘们的拼劲依旧值得肯定,虎扑12月25日讯 WCBA联赛，北京女篮75-80憾负石家庄女篮。赛后，北京女篮社媒发文总结比赛。配文：当决胜期边线发球被对手抢断并上篮得分，北京首钢园女篮错失了扳平比分的机会，75:80憾负石家庄,CBA专区,https://bbs.hupu.com/636506810.html
[流言板]雷霆圣诞大战伤病名单：杰林-威廉姆斯，米切尔确定缺战,虎扑12月25日讯 今日，马刺记者Paul Garcia在个人社媒上报道了，雷霆在圣诞大战的伤病名单，详情如下：“以下为雷霆圣诞大战对阵马刺的5名确定缺阵球员伤病报告：阿杰伊-米切尔 —— 执行NBA,篮球资讯,https://bbs.hupu.com/636506804.html
[流言板]科尔：最大心愿是格林以勇士球员身份退役，我相信会实现,虎扑12月25日讯 勇士主教练史蒂夫-科尔今日接受采访，期间他表示，他希望德雷蒙德-格林以勇士球员身份退役。“我们聊得很愉快，我非常在乎德雷蒙德（格林），我们的关系就像家人一样。”科尔说道。“正如家人,篮球资讯,https://bbs.hupu.com/636506797.html
[流言板]长沙勇胜分享战报：球队战胜焦作文旅男篮收获两连胜,虎扑12月25日讯 昨日NBL联赛：长沙勇胜102:80战胜焦作文旅。赛后，长沙勇胜发文总结比赛。配文：北京时间12月24日19:30，2025-2026赛季全国男子篮球联赛第二轮继续进行，长沙勇胜客,CBA专区,https://bbs.hupu.com/636506793.html
[流言板]四川男篮总结比赛：末节球队迫近分差，无奈时间所剩无几,虎扑12月25日讯 CBA常规赛，深圳96-87战胜四川。赛后，四川男篮发文总结比赛。配文：常规赛第六轮开打，四川丰谷酒业男篮客场征战深圳马可波罗。下场比赛将于12月27日客场征战上海久事。首节伊始，,CBA专区,https://bbs.hupu.com/636506782.html
[流言板]科尔：没格林我们一冠都拿不到，我们总能修复关系更默契,虎扑12月25日讯 勇士主教练史蒂夫-科尔今日接受采访，再次谈起了他与德雷蒙德-格林的关系。“我们之间有着悠久的默契，因为我们彼此理解，我深知他的能量。球馆上空悬挂着4面冠军旗帜，显然很多人都为此做出,篮球资讯,https://bbs.hupu.com/636506772.html
[流言板]贺希宁：我希望能通过自己的表现，更好地帮助球队赢下比赛,虎扑12月25日讯 CBA常规赛，深圳96-87战胜四川。深圳球员贺希宁全场出战37分钟，17投6中得到21分9篮板11助攻2抢断。赛后，贺希宁接受媒体采访点评本场比赛：“四川队目前正处于比较困难的阶,CBA专区,https://bbs.hupu.com/636506768.html
[流言板]深圳男篮总结比赛：球队收获两连胜，但还需及时总结问题,虎扑12月25日讯 CBA常规赛，深圳96-87战胜四川。赛后，深圳男篮社媒发文总结比赛：主场擒川取连胜，过程起伏难称意。配文：12月24日晚，CBA常规赛第6轮，深圳马可波罗男篮主场迎战四川男篮，深,CBA专区,https://bbs.hupu.com/636506760.html
[流言板]马刺官方社媒：让我们回顾一下经典的马刺圣诞大战球衣,虎扑12月25日讯 今日，马刺官方社媒更新动态，晒出了马刺过往圣诞大战使用过的球衣。马刺官方社媒动态配文：“让我们一起回顾一下，一些经典的马刺队圣诞大战球衣。”此前，ESPN官方曾公布过今年自己设计的,篮球资讯,https://bbs.hupu.com/636506753.html
[流言板]青岛男篮总结比赛：球队进入CBA以来，首次在新疆客场取胜,虎扑12月25日讯 CBA常规赛，青岛战胜新疆。赛后，青岛男篮发文总结比赛。配文：北京时间2025年12月24日，2025-2026赛季CBA联赛常规赛第5轮，青岛崂山啤酒继续客场之旅，对阵新疆伊力特,CBA专区,https://bbs.hupu.com/636506741.html
[流言板]圣诞大战现役球员得分榜：詹姆斯KD威少哈登领跑,虎扑12月25日讯 今日，美国体育数据媒体《StatMuse》在官方社交媒体上晒出一组数据，内容为圣诞大战现役球员的总得分榜单，内容如下：1.勒布朗-詹姆斯 507 分2.凯文-杜兰特 342 分3.,篮球资讯,https://bbs.hupu.com/636506513.html
[流言板]喀麦隆1-0加蓬，姆伯莫开场6分钟助攻埃永闪击制胜,虎扑12月25日讯 在今夜结束的非洲杯小组赛首轮的较量中，喀麦隆凭借埃永在第6分钟打进的进球1-0击败了加蓬。至此，非洲杯第一轮的所有比赛已经全部结束。喀麦隆和加蓬在比赛中整体处于均势，双方都创造了一,国际足球资讯,https://bbs.hupu.com/636506511.html
[流言板]Shams：卡梅伦-约翰逊因右膝骨挫伤，将缺战一段时间,虎扑12月25日讯 今日，据NBA记者Shams的报道，掘金球员卡梅伦-约翰逊因右膝骨挫伤将缺战一段时间，报道详情如下：“据消息人士向ESPN透露，丹佛掘金前锋卡梅伦-约翰逊被诊断出右膝骨挫伤，预计将,篮球资讯,https://bbs.hupu.com/636506502.html
[流言板]Spears：能让凯约这样的球员扛大旗，那雷霆就很有问题,虎扑12月25日讯 今日，NBA记者Marc Spears在一档电视节目当中谈到了雷霆本赛季第二次输给马刺的事情。Marc Spears表示：“如果文班亚马缺阵，或者他不是那场比赛里的最佳球员，结果反,篮球资讯,https://bbs.hupu.com/636506463.html
【直播】大黄谈现版本中路是核并回复弹幕“久诚该复出了”：你们自己评估，我不说了,,王者荣耀,https://bbs.hupu.com/636504562.html
[流言板]麦卡利斯特社媒：圣诞快乐，也祝自己27岁生日快乐,虎扑12月24日讯 12月24日利物浦中场麦卡利斯特迎来自己的27岁生日。对此，麦卡利斯特发布社媒：“圣诞快乐，也祝我自己27岁生日快乐。非常感谢大家送来的所有关爱与祝福。”来源：Instagram,国际足球资讯,https://bbs.hupu.com/636506456.html
[流言板]Bill Simmons：该把库里交易到黄蜂，鲍尔和选秀权做筹码,虎扑12月25日讯 今日，美媒《NBA Retweet》在官方社媒上转发了知名NBA评论员Bill Simmons在一档播客节目当中的言论，其中谈到了勇士球员斯蒂芬-库里。Bill Simmons表示,篮球资讯,https://bbs.hupu.com/636506442.html
[流言板]雷记列12月至今场均罚球次数榜：东契奇榜首，SGA仅第18,虎扑12月25日讯 今日，美媒ESPN的雷霆跟队记者Royce Young列举出了12月至今为止，球员的场均罚球次数排名，其中亚历山大的名字被Royce Young重点加粗，榜单详情如下：12 月球员,篮球资讯,https://bbs.hupu.com/636506410.html
[流言板]皮尔斯评格林：你不是一名领袖，无论怎样不该没有担当,虎扑12月25日讯 今日，前NBA球星保罗-皮尔斯参加了一档丹尼-格林主持的播客节目。评价了此前勇士球员德雷蒙德-格林与科尔争吵后离场一事，皮尔斯表示格林称：“你不是一名领袖，无论顺境逆境，这份担当绝,篮球资讯,https://bbs.hupu.com/636506391.html
第一次直观见识到了什么是积分战神,场次33352次，一天10把，需要10年时间，一把游戏从bp到结束，少说25分钟，一天要花一上午时间在王者上。皮肤不算多，说明玩家不少很氪，查看战绩，连败较多，赛季上了75颗星，估计有30星靠积分上去,王者荣耀,https://bbs.hupu.com/636505412.html
[流言板]纳尼：弗格森绝不会容忍越矩；现在的曼联球员欠缺纪律,虎扑12月24日讯 前曼联球星纳尼在近日接受采访时称，如今曼联在阿莫林执教下出现的纪律问题，在弗格森时代“绝不会发生”。他强调，昔日曼联更衣室的规则明确、心态成熟，任何球员若行为不当都会受到惩罚。在此,国际足球资讯,https://bbs.hupu.com/636506376.html
S41结束时间紧急提前？又有五位T0级“万金油”诞生，赛季末冲分首选！,今天是每周正式服的惯例更新，然而，不知道为什么策划又不按照套路出牌，直到晚上9点30分，都迟迟没有发公告。最重要的是，现在还临近赛季结束，正式服以前只有一种情况才不会发公告，就是隔天抢先服直接开启新赛,王者荣耀,https://bbs.hupu.com/636505357.html
[流言板]马雷斯卡谈“最糟糕48h”：总会有这样的时刻，都是正常的,虎扑12月24日讯 切尔西主教练马雷斯卡接受天空体育独家专访。在上个月双方于伦敦西区战成0比0平局后，切尔西当时还落后榜首阿森纳6分。但在随后四轮联赛中仅取得一场胜利，使得目前排名第四的切尔西已被“枪,国际足球资讯,https://bbs.hupu.com/636506347.html
【直播】一诺直播：狄仁杰加蔡文姬是真的强；弹幕：Zwy比赛不准拿,,王者荣耀,https://bbs.hupu.com/636499494.html
[流言板]每体：巴萨准备为滕森申请长期伤停；冬窗倾向引进后卫,虎扑12月24日讯 据《每日体育报》副主编L. Miguelsanz的报道，巴萨已经准备为克里斯滕森因膝伤申请长期伤停。这次伤病预计将使他缺阵四个月以上。俱乐部目前尚未作出最终决定，但相关流程很可能会,国际足球资讯,https://bbs.hupu.com/636506272.html
[流言板]打入制胜进球，阿玛德当选科特迪瓦vs莫桑比克全场最佳球员,虎扑12月24日讯 非洲杯小组赛首轮，科特迪瓦1-0战胜莫桑比克。阿玛德打入制胜进球。赛后，他也被非洲杯官方评选为本场比赛的全场最佳球员。来源：X,国际足球资讯,https://bbs.hupu.com/636506256.html
[流言板]费尔明：拉菲的拼劲会传染全队；希望能永远留在巴萨,虎扑12月24日讯 《每日体育报》在费尔明的家乡对他进行了这次采访。趁着圣诞假期，他回到韦尔瓦省埃尔坎皮略，与家人和朋友团聚。街道上挤满了人，孩子们身穿巴萨或西班牙国家队球衣，背后的名字却同样写着“费,国际足球资讯,https://bbs.hupu.com/636506248.html
[流言板]状态火热，姆巴佩本赛季五大联赛唯一达成40+创造机会&过人,虎扑12月24日讯 StatMuse FC报道，本赛季基利安-姆巴佩同时完成40+次机会创造和40+次成功过人。欧洲五大联赛仅此一人同时达成这两项数据。来源：X,国际足球资讯,https://bbs.hupu.com/636506247.html
[流言板]费尔明：输皇马蓝军是赛季转折点；球队必须去争夺一切荣誉,虎扑12月24日讯 《每日体育报》在费尔明的家乡对他进行了这次采访。趁着圣诞假期，他回到韦尔瓦省埃尔坎皮略，与家人和朋友团聚。街道上挤满了人，孩子们身穿巴萨或西班牙国家队球衣，背后的名字却同样写着“费,国际足球资讯,https://bbs.hupu.com/636506243.html
[流言板]莱万晒全家福，并送上节日祝福：圣诞快乐，愿和平温暖相伴,虎扑12月24日讯 平安夜，巴萨前锋莱万多夫斯基在社交媒体发布全家福照片。 并送上节日祝福：“圣诞快乐🎄，愿你们拥有和平、温暖和一点冬日魔法⭐️。Wesołych Świąt（波兰语：圣诞快乐）！F,国际足球资讯,https://bbs.hupu.com/636505820.html
【直播】赖神指导主播杯射手队友玩戈娅遭其贴脸：你戈娅有标吗？,,王者荣耀,https://bbs.hupu.com/636504543.html
[流言板]西甲12月最佳扑救候选：奥布拉克、佩尼亚、罗曼入选,虎扑12月24日讯 西班牙职业足球联盟（LALIGA）官方公布了2025-26赛季西甲联赛12月最佳扑救候选名单。西甲12月最佳扑救候选：奥布拉克（马竞）：佩尼亚（埃尔切）：罗曼（马略卡）：来源：西班,国际足球资讯,https://bbs.hupu.com/636505759.html
[流言板]美媒晒赛季前30场：雷霆26胜4负，15-16勇士29胜1负,虎扑12月25日讯 美媒Legion Hoops今日更新推特，晒出了雷霆本赛季前30场战绩与2015-16赛季勇士的对比。Legion Hoops写道：“经过30场后：雷霆 - 26胜4负2015-1,篮球资讯,https://bbs.hupu.com/636505745.html
C罗挑传，菲利克斯挑射入网，胜利4-0,来源：虎扑,国际足球资讯,https://bbs.hupu.com/636505742.html
[流言板]齐达内现身非洲杯为儿助威，儿子一触球现场就高喊“齐祖”,虎扑12月25日讯 此刻，齐达内出现在摩洛哥首都拉巴特的球场看台，观看正在进行的阿尔及利亚与苏丹队的非洲杯比赛。由于儿子卢卡首发代表阿尔及利亚出战，头戴黑帽的齐达内和儿子特奥一起来到非洲杯现场，一同观,国际足球资讯,https://bbs.hupu.com/636505723.html
[流言板]西名嘴：球迷如需向乔安-加西亚宣泄情绪，可以丢猪头玩偶,虎扑12月24日讯 当地时间1月3日，巴塞罗那将前往客场挑战西班牙人。此役的一大焦点在于门将乔安-加西亚的回归——这名守门员今年夏天从西班牙人转会加盟巴萨，将首次以客队球员身份重返RCDE球场。由于转,国际足球资讯,https://bbs.hupu.com/636505712.html
[流言板]官网新秀榜：弗拉格继续榜首，克尼普尔第2，奎因第3,虎扑12月25日讯 今日，NBA官方更新了最新一期的新秀榜：1、库珀-弗拉格 - 独行侠赛季数据：场均19.2分6.4篮板3.8助攻上期排名：第1位选秀：第1顺位2、康-克尼普尔 - 黄蜂赛季数据：场,篮球资讯,https://bbs.hupu.com/636505697.html
[流言板]郑永刚：阵地战不是我们强项，之前赢球都是通过防守和反击,虎扑12月25日讯 CBA常规赛，深圳战胜四川。赛后，深圳队主教练郑永刚点评了本场比赛。郑永刚：我们改阵容的时候出了点问题，上边的队员准备不足，被对手追上比分，进攻、阵地战一直不是我们的强项，前几个赛,CBA专区,https://bbs.hupu.com/636505676.html
阿姆里头球破门，利雅得胜利3-0扎瓦拉,来源：虎扑,国际足球资讯,https://bbs.hupu.com/636505662.html
[流言板]香港外援琼斯：队将继续调整状态，并在接下来的比赛中持续进步,虎扑12月25日讯 NBL常规赛第2轮，香港金牛大胜上海玄鸟。香港金牛社媒分享琼斯采访片段。琼斯：队将继续调整状态，并在接下来的比赛中持续进步来源：微博,CBA专区,https://bbs.hupu.com/636505658.html
[流言板]不可或缺！凯尔登-约翰逊12月至今85投49中，三分31投15中,虎扑12月25日讯 今天NBA常规赛马刺主场对阵雷霆的比赛已经结束。全场战罢，马刺以130-110战胜雷霆。本场比赛，马刺球员凯尔登-约翰逊出战22分钟，16投10中，其中三分球9投5中，得到25分1,篮球资讯,https://bbs.hupu.com/636505656.html
[流言板]Sidery：马刺被联盟内部视为特雷-墨菲的潜在下家,虎扑12月25日讯 据美记Evan Sidery报道，马刺被联盟内部视为鹈鹕前锋特雷-墨菲的潜在交易去向之一。报道称，马刺目前手握大量未来选秀权，同时在长期规划中仍存在锋线位置需求，从阵容适配角度来看,篮球资讯,https://bbs.hupu.com/636505637.html
[流言板]富勒姆后卫：为内尔高加入阿森纳高兴，你无法拒绝这种机会,虎扑12月25日讯 富勒姆后卫安德森在接受Viaplay采访时表示，他为他的丹麦同胞内尔高加入阿森纳感到高兴。内尔高在今年夏天从布伦特福德加入阿森纳，他已经在本赛季各项赛事中为枪手登场9次，不久前还帮,国际足球资讯,https://bbs.hupu.com/636505631.html
[流言板]西甲12月最佳U23球员候选：贝林厄姆、普比尔、福特入选,虎扑12月24日讯 西班牙职业足球联盟（LALIGA）官方公布了2025-26赛季西甲联赛12月最佳U23球员候选名单。西甲12月最佳U23球员候选：贝林厄姆（皇马）：4场1球1助普比尔（马竞）：3场,国际足球资讯,https://bbs.hupu.com/636505626.html
[流言板]约瑟夫-杨：年轻球员很专注细节，要继续打出青岛风格的篮球,虎扑12月25日讯 CBA常规赛，青岛战胜新疆。赛后，青岛外援约瑟夫-杨接受了媒体采访。约瑟夫-杨：我很喜欢今天我们努力拼搏的状态，这场比赛包括我们的年轻球员都很专注细节，我们打出了团队篮球，表现得更,CBA专区,https://bbs.hupu.com/636505617.html
韦斯利-特谢拉门前大力补射破门，胜利2-0,来源：虎扑,国际足球资讯,https://bbs.hupu.com/636505582.html
[流言板]乔丹品牌与东契奇联合发布Luka 5球鞋，首款将在1月发售,虎扑12月25日讯 NBA记者Brett Siegel今日报道，乔丹品牌与卢卡-东契奇共同发布了Luka 5球鞋。对此东契奇表示：“与乔丹品牌合作打造Luka 5战靴，目的就是为我打造一款适合我比赛风,篮球资讯,https://bbs.hupu.com/636505577.html
[流言板]ESPN晒圣诞大战新面孔：SGA、弗拉格、申京、哈珀、阿门等,虎扑12月25日讯 今日，美媒nba on espn在INS上晒出一组照片：NBA圣诞舞台上的新面孔🎄 你最期待看到谁的表现？图中的球员有：亚历山大、弗拉格、申京、哈珀、阿门、莫布利、霍姆格伦、加兰,篮球资讯,https://bbs.hupu.com/636505560.html
[流言板]世体：巨星效应！亚马尔仅用一个视频两天内达到油管百万粉,虎扑12月24日讯 据《世界体育报》报道，亚马尔在开通YouTube账号后不到 48 小时内，仅用一个视频就达到了 100 万订阅者。亚马尔在持续突破各种界限——不仅在球场上，场外也是如此。这位巴萨年,国际足球资讯,https://bbs.hupu.com/636505098.html
[流言板]每体：3C特狮下赛季或离队；巴萨评估召回青训门将竞争二门,虎扑12月24日讯 据《每日体育报》记者Sergi Capdevila的报道，2025/26赛季进行至今，巴塞罗那在财政条件受限的情况下，仍在为一线队补强进行规划。随着克里斯滕森受伤，体育管理层在应对,国际足球资讯,https://bbs.hupu.com/636505088.html
[流言板]胡明轩：膝盖的伤是全运会就有了，回到联赛后反应比较大,虎扑12月24日讯 今日，广东跟队记者关辛社媒分享昨日广东赛前采访片段。在视频中，关辛与胡明轩进行采访，谈及胡明轩伤病情况。胡明轩表示：“这是个持续性的伤，全运会就有了，可能就是劳损吧，膝盖有反应，回,CBA专区,https://bbs.hupu.com/636505081.html
[流言板]B费本赛季25次被对手带球突破，冠绝英超所有球员,虎扑12月24日讯 据著名媒体Whoscore统计，曼联队长B费本赛季被带球突破的次数（25次）是英超中最多的球员。B费在上周日对阵阿斯顿维拉的比赛中半场受伤离场，这意味着他将在圣诞赛程中缺席一段时间,国际足球资讯,https://bbs.hupu.com/636505037.html
马刺队魂！凯尔登约翰逊的持球能力弥补球队不足，任劳任怨成中流砥柱,马刺的孩子，队魂！面对雷霆的比赛中，凯尔登约翰逊出战22分钟，全场16中10，三分9中5得到25分1篮板1助攻。本赛季他场均13分6.3个篮板1.6次助攻，场均1.1个三分球，接近40%的场均三分命中,马刺专区,https://bbs.hupu.com/636499206.html
[流言板]马竞官方：边后卫哈维-加兰加盟奥萨苏纳，转会费50万欧,虎扑12月24日讯 西甲俱乐部马德里竞技官方宣布，俱乐部与奥萨苏纳已就哈维-加兰的转会达成协议。自2023年夏天从塞尔塔加盟后，加兰先以租借形式为皇家社会效力至2023/24赛季上半程，随后回归马竞征,国际足球资讯,https://bbs.hupu.com/636505015.html
[流言板]斯普利特：魔术身体对抗非常强，背靠背作战不是借口,虎扑12月24日讯 今日NBA常规赛，开拓者对阵魔术的比赛已经结束，全场战罢，开拓者106-110不敌魔术。赛后，开拓者临时主教练斯普利特接受了记者采访，并谈到了魔术的表现。斯普利特：“魔术是一支擅长,篮球资讯,https://bbs.hupu.com/636498952.html
[流言板]拜仁正密切关注英甲新星，孔帕尼密友贝拉米亲自举荐,虎扑12月24日讯 拜仁慕尼黑正密切关注卡迪夫城队的年轻球员迪伦-劳勒，据talkSPO报道，这位后卫的迅速崛起引起了德甲豪门的注意，而推荐人正是威尔士队主教练克雷格-贝拉米。劳勒将于元旦迎来20岁生,国际足球资讯,https://bbs.hupu.com/636504969.html
[流言板]香港金牛分享本场球员数据海报：本场比赛全员均有得分入账,虎扑12月24日讯 今日NBL常规赛：香港金牛94-74战胜上海玄鸟。香港金牛分享本场球员数据海报：本场比赛全员均有得分入账。配文：香港金牛在主场揭幕战中顺利取胜，全员均有得分入账。其中，琼斯在次节展,CBA专区,https://bbs.hupu.com/636504966.html
【直播】博主谈红色方：虚假的持方优势，AG近几场上半场BP惨案源头,,王者荣耀,https://bbs.hupu.com/636504530.html
[流言板]香港金牛分享本场赛场图集：球队战胜上海玄鸟收获开门红,虎扑12月24日讯 今日NBL常规赛：香港金牛94-74战胜上海玄鸟。赛后，香港金牛分享本场比赛赛场图集。配文：全员得分！香港金牛战胜上海收获主场开门红本场比赛，香港金牛派出刁展望、卢艺文、孙晨然、琼,CBA专区,https://bbs.hupu.com/636504924.html
[流言板]闪击苏丹，马赫雷斯升至阿尔及利亚队史射手榜第三位,虎扑12月24日讯 非洲杯小组赛，阿尔及利亚对阵苏丹，马赫雷斯开场2分钟就为阿尔及利亚首开记录。至此，他也升至阿尔及利亚队史射手榜第三位。阿尔及利亚队史射手榜：1.伊斯兰-斯利马尼 46球2.阿卜杜勒,国际足球资讯,https://bbs.hupu.com/636504911.html
[流言板]胜利vs扎瓦拉首发：C罗领衔，菲利克斯、科曼出战,虎扑12月24日讯 亚冠二级联赛，利雅得胜利对阵伊拉克球队扎瓦拉。赛前，双方公布首发阵容：利雅得胜利首发：24-本托、2-甘纳姆、5-阿姆里、96-纳赛尔、17-卡巴里、80-韦斯利、11-布罗佐维奇,国际足球资讯,https://bbs.hupu.com/636504894.html
[流言板]郭昊文社媒分享日常：平安不止今夜，小红帽祝大家平安夜快乐,虎扑12月24日讯 郭昊文社媒分享日常。配文：平安不止今夜，小红帽祝大家平安夜快乐。来源：抖音,CBA专区,https://bbs.hupu.com/636504892.html
[流言板]刘李更新社媒分享图集：外面的风越大越要对自己有耐心,虎扑12月24日讯 刘李更新社媒分享图集。配文：冬天是很需要耐心的季节，等水烧开、等电热毯变暖、穿一层一层衣服。这些细碎冰冷的时间很容易把人磨得起球，所以外面的风越大越要对自己有耐心。CBA常规赛，本,CBA专区,https://bbs.hupu.com/636505224.html
[流言板]赛后JDG选手们发文-Xiaoxu：很开心赢下比赛，平安夜快乐,虎扑12月24日讯 JDG成功晋级2025德玛西亚杯淘汰赛，赛后JDG选手们发文：Xiaoxu：很开心赢下今天的比赛，祝大家平安夜快乐！ ​​​JunJia：继续加油！平安夜快乐。HongQ：大家平安,英雄联盟,https://bbs.hupu.com/636504881.html
[流言板]战神卡回归！伦纳德ins转发自己今日爆砍41分8板5助的海报,虎扑12月24日讯 NBA常规赛，快船128-108大胜火箭。本场比赛，伦纳德狂砍41分8篮板5助攻，伦纳德上次得到40+还是2023年12月9日。赛后，伦纳德在ins上转发了自己今日爆砍41分8板5,篮球资讯,https://bbs.hupu.com/636504819.html
[流言板]邮报独家：贝林父亲在英格兰队如同“教父”；更衣室现分歧,虎扑12月24日讯 《每日邮报》首席体育记者Oliver Holt撰写长文，深入揭秘了英格兰球星祖德-贝林厄姆以及乔布-贝林厄姆的父亲马克-贝林厄姆在幕后施加的巨大影响力。报道指出，马克的强硬手腕和对,国际足球资讯,https://bbs.hupu.com/636504816.html
[101夜话]等等你控制呢？有哪些英雄是没有控制技能的？,"一般嘛，好的阵容是要带控的不然可以说句""BP有问题了""哦那话又说回来，有哪些英雄是没有控制技能的？比如大家都很讨厌队友会选的猫咪！",英雄联盟,https://bbs.hupu.com/636504807.html
博主解读争执内容：科尔对追梦说，不想听我说就滚,"追梦：“操你的！”（F*ck you!）科尔：“如果你不想听我说，那就滚回家去！”（If you don’t want me to talk to you, then go home!）追梦继续顶撞/",勇士专区,https://bbs.hupu.com/636486273.html
[流言板]史密斯全场出战22分钟，10投4中得到12分3篮板3助攻1抢断,虎扑12月24日讯 CBA常规赛，深圳96-87战胜四川。深圳球员史密斯全场出战22分钟，10投4中得到12分3篮板3助攻1抢断。来源：虎扑,CBA专区,https://bbs.hupu.com/636504464.html
[流言板]阿不都沙拉木：让支持我们的球迷们失望了，我们会尽快调整,虎扑12月24日讯 CBA常规赛，新疆79-97负于青岛。新疆球员阿不都沙拉木全场出战29分钟，12投5中得到14分10篮板3助攻1抢断。赛后，新疆球员阿不都沙拉木接受媒体采访，谈及本场比赛，阿不都沙,CBA专区,https://bbs.hupu.com/636504458.html
[流言板]媒体人：深圳防守强度未达标准，更靠个人手感而非战术纪律,虎扑12月24日讯 今日CBA常规赛，深圳男篮96-87战胜四川获得首胜。赛后，媒体人郑志鹏发文点评了本场比赛，原文如下：96比87，深圳男篮拿到赛季首次连胜，赛季胜率重回组成。但综合比赛过程，“赢”,CBA专区,https://bbs.hupu.com/636504453.html
[流言板]里奇-保罗：建队会优先选詹姆斯，而最后一投毫无疑问给乔丹,虎扑12月24日讯 近日，在播客节目Game Over Podcast中，知名球员经纪人里奇-保罗谈到了勒布朗-詹姆斯和迈克尔-乔丹：“如果让我从零组一支球队，我会把勒布朗放在第一顺位，毫无疑问。数据,篮球资讯,https://bbs.hupu.com/636504451.html
[卧谈会]2025即将结束，说说自己今年遇到的开心事吧,不管大事小事，只要让你真心开心过都算数。翻翻记忆，说一件今年让你笑出来的瞬间吧！,步行街主干道,https://bbs.hupu.com/636501475.html
【中字】戴夫：詹姆斯的言论在暗示考虑明年退役，但他未做最后决定,,湖人专区,https://bbs.hupu.com/636485728.html
[JR热议]Doggo给直播间观众展示Shad0w：好烧啊兄弟～,,英雄联盟,https://bbs.hupu.com/636499861.html
[流言板]石家庄翔蓝啦啦队社媒分享舞蹈：25号翔蓝主场不见不散,虎扑12月24日讯 石家庄翔蓝啦啦队社媒分享舞蹈。配文：25号翔蓝主场我们在河北体育馆不见不散。来源：抖音,CBA专区,https://bbs.hupu.com/636504430.html
[流言板]邮报独家：截胡埃泽是贝尔塔手笔，阿森纳认为他能帮助夺冠,虎扑12月24日讯 每日邮报著名记者Mike Keegan撰写阿森纳总监贝尔塔独家专栏。据说，安德烈亚-贝尔塔在二十多岁时放弃了稳定的银行工作，孤注一掷地投身足球事业，他的母亲当时震惊得几乎晕倒。北伦,国际足球资讯,https://bbs.hupu.com/636504419.html
[流言板]王浩然全场出战38分钟，16投7中得到18分6篮板4助攻1抢断,虎扑12月24日讯 CBA常规赛，深圳96-87战胜四川。深圳球员王浩然全场出战38分钟，16投7中得到18分6篮板4助攻1抢断。来源：虎扑,CBA专区,https://bbs.hupu.com/636504411.html
[流言板]贺希宁全场出战37分钟，17投6中得到21分9篮板11助攻2抢断,虎扑12月24日讯 CBA常规赛，深圳96-87战胜四川。深圳球员贺希宁全场出战37分钟，17投6中得到21分9篮板11助攻2抢断。来源：虎扑,CBA专区,https://bbs.hupu.com/636504396.html
[流言板]西蒙斯谈钓鱼：当我登船的那一刻，感觉另一个自己被唤醒了,虎扑12月24日讯 近日，前NBA状元秀本-西蒙斯接受了记者采访，谈到了自己对钓鱼的热爱：“钓鱼就是我的快乐、我的平静。离开球场时，这是我自己的小世界，小时候我会去礁石上甩竿，我很喜欢那种感觉，哪怕只,篮球资讯,https://bbs.hupu.com/636504391.html
[流言板]NBL常规赛第2轮：汤杰12分，上海玄鸟74-94不敌香港金牛,虎扑12月24日讯 NBL常规赛，上海玄鸟74-94不敌香港金牛。赛后，上海玄鸟官方分享本场比赛赛果海报。配文：「常规赛第2轮 | 全场结束」上海玄鸟 74-94 香港金牛。阿泽13分3篮板；道格拉斯,CBA专区,https://bbs.hupu.com/636504376.html
[流言板]朱松玮全场出战31分钟，12投6中得到15分4篮板1抢断,虎扑12月24日讯 CBA常规赛，吉林87-73战胜北控。北控球员朱松玮全场出战31分钟，12投6中得到15分4篮板1抢断。来源：虎扑,CBA专区,https://bbs.hupu.com/636504368.html
[流言板]邹雨宸全场出战20分钟，6投3中得到7分4篮板2助攻1抢断1盖帽,虎扑12月24日讯 CBA常规赛，吉林87-73战胜北控。北控球员邹雨宸全场出战20分钟，6投3中得到7分4篮板2助攻1抢断1盖帽。来源：虎扑,CBA专区,https://bbs.hupu.com/636504358.html
[流言板]跟队：因人员常去一线队，阿森纳U19欧冠青年联赛排倒数第4,虎扑12月24日讯 阿森纳跟队记者Simon Collings和Charlie Wyett撰写专栏，谈到了本周阿森纳方面的情况。枪手青训默特萨克近期为阿森纳在欧足联青年联赛的糟糕战绩作出辩护。令人尴尬,国际足球资讯,https://bbs.hupu.com/636504331.html
[流言板]廖三宁全场出战38分钟，11投6中得到14分3篮板9助攻1抢断,虎扑12月24日讯 CBA常规赛，吉林87-73战胜北控。北控球员廖三宁全场出战38分钟，11投6中得到14分3篮板9助攻1抢断。来源：虎扑,CBA专区,https://bbs.hupu.com/636504327.html
[流言板]佩里全场出战27分钟，11投5中得到15分12篮板1抢断,虎扑12月24日讯 CBA常规赛，吉林87-73战胜北控。北控球员佩里全场出战27分钟，11投5中得到15分12篮板1抢断。来源：虎扑,CBA专区,https://bbs.hupu.com/636504314.html
[流言板]拉什福德社媒晒装饰圣诞树照片：圣诞前夜的氛围,虎扑12月24日讯 平安夜，巴萨前锋拉什福德在社媒发布了两张自己装饰家里圣诞树的照片。“圣诞前夜的氛围✨🎄”，他如此附文。来源：Instagram,国际足球资讯,https://bbs.hupu.com/636504312.html
[流言板]栾利程全场出战25分钟，10投8中得到22分3篮板1抢,虎扑12月24日讯 CBA常规赛，吉林87-73战胜北控。吉林球员栾利程全场出战25分钟，10投8中得到22分3篮板1抢断。来源：虎扑,CBA专区,https://bbs.hupu.com/636504293.html
[流言板]王睿泽全场出战34分钟，6投4中得到12分2篮板2助攻1盖帽,虎扑12月24日讯 CBA常规赛，新疆79-97负于青岛。青岛球员王睿泽全场出战34分钟，6投4中得到12分2篮板2助攻1盖帽。来源：虎扑,CBA专区,https://bbs.hupu.com/636504014.html
[流言板]媒体人：沈梓捷&里勒也伤停，北控轮换短的问题极大暴露,虎扑12月24日讯 今日CBA常规赛，北控不敌吉林。赛后，媒体人勇方方发文点评了比赛：沈梓捷大伤，里勒也伤停，缺少内外两大主力，北控轮换短的问题极大暴露，这赛季的引援真是谁也指不上啊。第四节要不是三宁,CBA专区,https://bbs.hupu.com/636504011.html
[流言板]兄弟情！活塞官方晒坎宁安杜伦搀扶艾维的赛场照与球迷分享,虎扑12月24日讯 活塞以136-127击败国王。赛后，活塞官方更新X，晒出一张活塞球员凯德-坎宁安和杰伦-杜伦搀扶队友杰登-艾维的赛场照与球迷分享。“兄弟情！”活塞官方附文道。目前活塞的战绩为24胜,篮球资讯,https://bbs.hupu.com/636504012.html
[流言板]孙铭徽展示接球后大风车扣篮：你给打多少分？,虎扑12月24日讯 孙铭徽社媒分享日常视频。明晚，广厦将对阵辽宁。来源：抖音,CBA专区,https://bbs.hupu.com/636503997.html
[流言板]米奇全场出战33分钟，15投9中得到23分15篮板2助攻,虎扑12月24日讯 CBA常规赛，新疆79-97负于青岛。青岛球员米奇全场出战33分钟，15投9中得到23分15篮板2助攻。来源：虎扑,CBA专区,https://bbs.hupu.com/636503982.html
沃尔谈被交易到火箭：有我的原因，当时做了一些出格的事,,湿乎乎的话题,https://bbs.hupu.com/636484369.html
[流言板]桑乔发布耐人寻味动态；出场时间有限，埃梅里仍表达信任,虎扑12月24日讯 目前效力于阿斯顿维拉的边锋杰登-桑乔，近日在社交媒体上发布了一条耐人寻味的动态。在本赛季出场机会有限的背景下，这位英格兰边锋罕见更新了个人Instagram，引发外界关注。桑乔在个,国际足球资讯,https://bbs.hupu.com/636503980.html
[流言板]威少：能与魔术师被放在一起讨论，我受宠若惊、也非常感恩,虎扑12月24日讯 NBA常规赛，国王主场迎战活塞的比赛已经结束，最终国王以127-136不敌活塞。国王球员拉塞尔-威斯布鲁克本场比赛首发登场38分钟，全场21投9中，三分12中4，罚球7中5得到27,篮球资讯,https://bbs.hupu.com/636503977.html
[流言板]本赛季缺少杨瀚森后青岛前五战4胜1负，而上赛季同期3胜2负,虎扑12月24日讯 CBA常规赛，新疆79-97负于青岛。本场比赛获胜后，青岛男篮常规赛战绩来到4胜1负。据统计，上赛季前五场比赛青岛男篮取得3胜2负。来源：CBA官网,CBA专区,https://bbs.hupu.com/636503971.html
[流言板]山东女篮分享战报：球队战胜浙江女篮，取得三连胜,虎扑12月24日讯 山东女篮分享战报：球队战胜浙江女篮，取得三连胜。配文：12月24日晚，WCBA联赛第9轮比赛继续进行，山东赤水河酒女篮客场挑战浙江稠州银行，经过四节激烈较量，最终以81比78险胜对,CBA专区,https://bbs.hupu.com/636503968.html
[流言板]小迈克尔-波特今日28+5+1+2，球队12月目前战绩6胜3负,虎扑12月24日讯 篮网以114-106击败76人。全场比赛，篮网球员小迈克尔-波特得到了28分5篮板1助攻2抢断。值得一提的是，篮网目前在12月取得了6胜3负的战绩。来源：X,篮球资讯,https://bbs.hupu.com/636503946.html
[流言板]多尔古：我的目标是在曼联争取更多首发机会，帮助球队获胜,虎扑12月24日讯 曼联后卫多尔古在近日接受了俱乐部电视台采访，他也谈到了相关话题和情况。这位丹麦后卫正为英超节礼日大战的比赛蓄势待发，他认为纽卡斯尔造访老特拉福德的比赛将上演身体对抗战。这将是曼联连,国际足球资讯,https://bbs.hupu.com/636503938.html
[流言板]韦瑟斯庞全场出战18分钟，11投6中得到16分7助攻2抢断,虎扑12月24日讯 CBA常规赛，新疆79-97负于青岛。青岛球员韦瑟斯庞全场出战18分钟，11投6中得到16分7助攻2抢断。来源：虎扑,CBA专区,https://bbs.hupu.com/636503931.html
[流言板]赛事官方票选“你最喜欢哪个LOL赛事时代”：21-25投票过半,虎扑12月24日讯 近日LOL赛事官方发起票选，主题为“你最喜欢哪一个LOL赛事时代”，投票分布如下：2011-2015 15%2016-2020 31%2021-2025 54%来源：X,英雄联盟,https://bbs.hupu.com/636503914.html
[流言板]新疆男篮四名外援合计仅得到36分，而本土球员共得到43分,虎扑12月24日讯 CBA常规赛，新疆79-97负于青岛。此役后，新疆遭遇两连败，战绩来到2胜3负。本场比赛，新疆男篮四名外援合计仅得到36分，而本土球员合计得到43分。来源：CBA官网,CBA专区,https://bbs.hupu.com/636503908.html
[流言板]媒体人：青岛六人得分上双，而新疆个别球员的斗志令人遗憾,虎扑12月24日讯 今日CBA常规赛，青岛男篮客场97-79战胜新疆男篮。赛后，媒体人付政浩MVP社媒发文点评本场比赛。配文：青岛男篮97-79客场大胜新疆男篮，全队六人得分上双，这是青岛男篮自200,CBA专区,https://bbs.hupu.com/636503893.html
[流言板]凯文-哈里斯全场出战30分钟，16投6中得到17分4篮板4助攻,虎扑12月24日讯 CBA常规赛，新疆79-97负于青岛。新疆球员凯文-哈里斯全场出战30分钟，16投6中得到17分4篮板4助攻。来源：虎扑,CBA专区,https://bbs.hupu.com/636503890.html
[流言板]JDG赛后发布视频：祝小宝们平安夜快乐今夜礼物已送达,虎扑12月24日讯 2-0战胜BLG后，JDG赛后发布视频：🍎祝小宝们平安夜快乐🎁今夜礼物已送达🔔解锁一条圣诞视频小预告✊✌️🖐️来源：LPL,英雄联盟,https://bbs.hupu.com/636503875.html
[流言板]TMZ：前NBA球员塞巴斯蒂安-特尔菲尔已被释出狱,虎扑12月24日讯 美媒TMZ报道，前NBA球员塞巴斯蒂安-特尔菲尔收到了一份特别的圣诞礼物，他已经被释放出狱。TMZ表示，这位40岁的前NBA球员本周已从监狱管理局获释，此前几个月他一直在新泽西州的,篮球资讯,https://bbs.hupu.com/636503869.html
[海克斯试炼]海克斯大乱斗高手在哪里？来发帖讨论玩法解锁限定头像框及好礼！,海克斯大乱斗这段时间，大家应该都玩嗨了。海克斯一开，爽是真爽，赢的离谱，输的更离谱！局间时刻上虎扑发个帖，和最懂你的JRs一同复盘吐槽，参与虎扑[海克斯试炼]发帖活动，即可解锁多款限定【心之钢】叠层头,英雄联盟,https://bbs.hupu.com/636502237.html
[流言板]博主：沙拉木尽己所能帮助球队爬坑，但为何没得到足够信任,虎扑12月24日讯 今日CBA常规赛，新疆不敌青岛。博主盛哲点评了本场比赛表示：借用球迷的一种表达，这场主场接近20分的失利让很多球迷产生了「无力感」。我们也在转播中清晰听到了“下课”的呼声，这在近年,CBA专区,https://bbs.hupu.com/636503611.html
[流言板]WBG训练返图：平安的祝福已送达 依旧是努力训练的一天,虎扑12月24日讯 WBG发布选手日常训练返图：叮铃铃！平安的祝福已送达🍎依旧是努力训练认真复盘的一天🔔来源：LPL,英雄联盟,https://bbs.hupu.com/636503589.html
[JR热议]团战节节败退惨遭JDG横扫，今天BLG输在了哪里？,,英雄联盟,https://bbs.hupu.com/636503294.html
[流言板]巴恩斯：打雷霆最关键在于注重细节，一犯错就会被惩罚,虎扑12月24日讯 NBA常规赛，马刺130-110战胜雷霆。赛后，马刺前锋哈里森-巴恩斯接受了采访。被问到到球队从对阵雷霆的比赛中学到了什么，巴恩斯：“关键在于注重细节。任何时候我们在防守端出现脱节,篮球资讯,https://bbs.hupu.com/636498260.html
[流言板]博主：邹雨宸的进攻比重下降了很多，这不是自废武功？,虎扑12月24日讯 今日CBA联赛，吉林男篮主场87-73战胜北控男篮。赛后，博主周赫zhouhe社媒发文表示：邹雨宸的进攻比重下降了很多，这不是自废武功？配文：又是一场失利，四连败了。这个过程中北控,CBA专区,https://bbs.hupu.com/636503582.html
[流言板]吉林官方发布全场比分海报：取得四连胜，战绩升至4胜2负,虎扑12月24日讯 今日CBA常规赛，吉林87-73战胜北控。赛后，吉林男篮官方发布全场比分海报。目前，吉林取得四连胜，战绩升至4胜2负。来源：微博,CBA专区,https://bbs.hupu.com/636503581.html
[JR热议]接连被OMG和JDG零封，左手缺阵对BLG影响有多大,,英雄联盟,https://bbs.hupu.com/636503305.html
[流言板]CBA常规赛：米奇23分&段昂君18分，新疆79-97负于青岛,虎扑12月24日讯 CBA常规赛，新疆79-97负于青岛。新疆球员：齐麟16分、劳森16分、阿不都沙拉木14分、哈里斯17分；青岛球员：韦瑟斯庞16分、米奇23分、段昂君18分、王奕博18分；来源：虎,CBA专区,https://bbs.hupu.com/636503554.html
[流言板]跟队：队友曾高喊“Bobby不能倒下”；恩德里克誓必返皇马,虎扑12月24日讯 18岁便登陆欧洲顶级豪门，并不意味着成长之路一帆风顺。自加盟皇家马德里以来，巴西前锋恩德里克在过去半年经历了多次打击，也迎来了职业生涯至今最艰难的一段时期。《阿斯报》皇马首席跟队记,国际足球资讯,https://bbs.hupu.com/636503551.html
[流言板]深圳官方分享全场比赛图集：取得两连胜，战绩升至3胜3负,虎扑12月24日讯 今日CBA常规赛，深圳96-87战胜四川。赛后，深圳男篮官方分享全场比赛图集。目前，深圳取得两连胜，战绩升至3胜3负。来源：微博,CBA专区,https://bbs.hupu.com/636503546.html
[流言板]恩比德：膝盖掰了一下，刚受伤很难判断严重性，明天再看,虎扑12月24日讯 NBA常规赛，76人主场106-114不敌篮网。比赛第三节刚开始不久，76人中锋乔尔-恩比德膝盖受伤，他一度返回更衣室，在第三节还剩6分多钟时才重返赛场。赛后，恩比德接受采访谈起了,篮球资讯,https://bbs.hupu.com/636503540.html
[流言板]赛后采访Xiaoxu：有想过2-0战胜对手，我们的中野发挥的特别好,来源：虎扑电竞,英雄联盟,https://bbs.hupu.com/636503522.html
[流言板]JDG第二局集锦：上中两人状态爆表，JDG团战美如画横扫取胜,来源：虎扑电竞,英雄联盟,https://bbs.hupu.com/636503504.html
[流言板]深圳男篮啦啦队社媒分享片段：今天开场舞直接膝盖跪穿,虎扑12月24日讯 深圳男篮啦啦队社媒分享片段。配文：今天开场舞直接膝盖跪穿。来源：抖音,CBA专区,https://bbs.hupu.com/636503453.html
【中字】帕森斯：很多伟大球员都追逐戒指，这不会影响他们历史地位,,湿乎乎的话题,https://bbs.hupu.com/636484164.html
[流言板]Xiaoxu亚恒打出6/1/6战绩，斩获JDG对阵BLG第二局MVP,虎扑12月24日讯 在刚刚结束的JDG对阵BLG的BO3比赛中，Xiaoxu亚恒打出6/1/6战绩，斩获JDG对阵BLG第二局MVP来源：虎扑电竞,英雄联盟,https://bbs.hupu.com/636503420.html
[流言板]专注的大胡子！快船官方分享今日哈登对位杜兰特的赛场照,虎扑12月24日讯 快船以128-108击败火箭。赛后，快船官方更新X，晒出一张快船球员詹姆斯-哈登的赛场照与球迷分享。“专注的大胡子🔒👀！”快船官方附文道。本场比赛，詹姆斯-哈登得到了29分4篮,篮球资讯,https://bbs.hupu.com/636503383.html
[流言板]青岛男篮客场战胜新疆男篮，队史首次在客场击败新疆男篮,虎扑12月24日讯 今日CBA常规赛：青岛男篮客场97-79战胜新疆男篮。青岛男篮客场战胜新疆男篮后，这也是队史首次在客场击败新疆男篮。青岛男篮下一场比赛将对战山西男篮。来源：虎扑,CBA专区,https://bbs.hupu.com/636503368.html
[流言板]侠媒：独行侠本赛季已双杀掘金，但对阵鹈鹕仅取得1胜2负,虎扑12月24日讯 NBA常规赛，掘金对阵独行侠的全场比赛已结束，掘金130-131负于独行侠。本赛季至今，掘金与独行侠共交战2次，掘金两战都最终失利。侠媒Mavs Film Room发文道：“独行侠,篮球资讯,https://bbs.hupu.com/636503363.html
[流言板]西足协总监：国家队为世界杯考察了60-70人，会有很多惊喜,虎扑12月24日讯 近日，西足协总监艾托尔-卡兰卡接受了《马卡报》的专访，在此期间他谈到了西班牙国家队的选拔计划，也谈到了对世界杯的准备工作，以下是采访的最后一部分。足协在为接下来的集训和世界杯考察多,国际足球资讯,https://bbs.hupu.com/636502920.html
[流言板]世界杯前最好输一场？西足协总监：不，要保持自然的心态,虎扑12月24日讯 近日，西足协总监艾托尔-卡兰卡接受了《马卡报》的专访，在此期间他谈到了与阿根廷的欧美杯决赛，谈到了球队比赛的心态，也分析了世界杯的小组情况，以下是采访的第三部分。您提到了31场不败,国际足球资讯,https://bbs.hupu.com/636502919.html
[流言板]BLG下路对线打出优势，Xun来下越塔轻松完成0换2,来源：虎扑电竞,英雄联盟,https://bbs.hupu.com/636502877.html
[流言板]西足协总监：选人是种幸福的烦恼，挑战在于把谁排除在外,虎扑12月24日讯 近日，西足协总监艾托尔-卡兰卡接受了《马卡报》的专访，在此期间他谈到了国家队主帅德拉富恩特，也提到了罗德里、卡瓦哈尔以及奥亚萨瓦尔等球员，以下是采访的第二部分。在国际层面，在与技术,国际足球资讯,https://bbs.hupu.com/636502875.html
[流言板]Lowe：奎因能进新秀一阵，这次选秀对鹈鹕而言堪称巨大成功,虎扑12月24日讯 今日，知名美记Zach Lowe谈到了鹈鹕新秀德里克-奎因：这支队伍（鹈鹕）即将蜕变为有竞争力的队伍……奎因绝对要入选最佳新秀阵容第一阵容。这次选秀乔-杜马斯而言堪称巨大成功……他,篮球资讯,https://bbs.hupu.com/636502872.html
[流言板]圣诞提前来了！快船官方晒哈登伦纳德赛场照庆祝战胜火箭,虎扑12月24日讯 快船以128-108击败火箭。赛后，快船官方更新X，晒出一张快船球员詹姆斯-哈登和科怀-伦纳德的赛场照与球迷分享。“圣诞提前来了！”快船官方附文道。本场比赛，詹姆斯-哈登得到了29,篮球资讯,https://bbs.hupu.com/636502868.html
查克|逐帧拆解：亚历山大技术细节解析，对阵灰熊31分率队取胜,佯装启动左路突破逼退防守人后，迅速使用胯下衔接前脚的挖步启动右路突破，从威尔斯、兰戴尔之间的空间穿过的同时完成合球，失去重心的抛投打进。胯下+延伸步做走左路的假动作，再迅速衔接胯下佯装启动右路突破，逼,篮球场,https://bbs.hupu.com/636477151.html
[流言板]江苏男篮啦啦队社媒分享片段并配文：明天圣诞大战,虎扑12月24日讯 江苏男篮啦啦队社媒分享片段。配文：明天圣诞大战。来源：抖音,CBA专区,https://bbs.hupu.com/636503927.html
库里能比詹姆斯生涯更持久吗？帕森斯：库里能打到44岁,,湿乎乎的话题,https://bbs.hupu.com/636483968.html
[流言板]西足协总监：和德科谈过亚马尔了，我们会确保球员的健康,虎扑12月24日讯 近日，西足协总监艾托尔-卡兰卡接受了《马卡报》的专访，在此期间他谈到了自己在国家队的工作，谈到了与俱乐部的沟通，特别提及了亚马尔的案例，以下是采访的第一部分。您在足协的日常生活是怎,国际足球资讯,https://bbs.hupu.com/636502835.html
[流言板]后卫小凯文-波特单季多次砍下20+5+5+3，队史2020年后第三位,虎扑12月24日讯 雄鹿以111-94击败步行者。全场比赛，雄鹿球员小凯文-波特得到了24分6篮板5助攻3抢断。借此，小凯文-波特成为了队史自2020年以来第三位单赛季多次单场砍下20+5+5+3的后,篮球资讯,https://bbs.hupu.com/636502812.html
[流言板]崛起！马刺12月至今取得9胜1负，本月战绩联盟最佳,虎扑12月24日讯 NBA常规赛，马刺130-110战胜雷霆。本场比赛取胜后，马刺豪取七连胜，目前战绩22胜7负高居西部第二。根据数据统计，马刺12月至今豪取9胜1负，本月战绩联盟最佳！来源：虎扑,篮球资讯,https://bbs.hupu.com/636502768.html
[流言板]击败西一！马刺官方晒维克托-文班亚马的赛场照庆祝7连胜,虎扑12月24日讯 马刺以130-110击败雷霆。赛后，马刺官方更新X，晒出一张马刺球员维克托-文班亚马的赛场照与球迷分享。“7连胜！”马刺官方附文道。本场比赛，维克托-文班亚马出场23分钟，得到12,篮球资讯,https://bbs.hupu.com/636502730.html
[流言板]杜兰特谈圣诞大战：要面对的是支历史悠久的球队&我等不及了,虎扑12月24日讯 NBA常规赛，火箭对阵快船的全场比赛已结束，火箭108-128快船。火箭球员凯文-杜兰特全场出战29分钟，15投8中，三分4中1、罚球5中5得到22分5篮板1助攻2盖帽。赛后，火箭,篮球资讯,https://bbs.hupu.com/636498457.html
[流言板]大三元！吉迪成为罗斯后首位多次单场砍下15+助攻的公牛球员,虎扑12月24日讯 公牛以126-123击败老鹰。全场比赛，公牛球员约什-吉迪得到了19分11篮板15助攻。借此，约什-吉迪成为了自德里克-罗斯之后首位多次单场砍下15+助攻的公牛球员。来源：X,篮球资讯,https://bbs.hupu.com/636502656.html
[流言板]Iko：自12月1日至今，火箭的防守效率仅排名联盟第22位,虎扑12月24日讯 今日NBA常规赛，火箭客场108-128不敌快船。此役过后，火箭近期仅取得1胜4负，排名从西部第二滑落至第六。根据数据统计，火箭近三场失利分别失133分、125分、128分，分别输,篮球资讯,https://bbs.hupu.com/636502653.html
[流言板]帕克：埃泽低迷不怪球员，枪手让他踢不同风格&剥夺自由空间,虎扑12月24日讯 日前，前曼联后卫保罗-帕克在接受采访时表示，他认为不应该将埃泽本赛季的低迷表现该归咎于球员本人，问题出在阿尔特塔及其刻板的战术体系上。帕克在接受采访时表示：“我很欣赏摩根-罗杰斯在,国际足球资讯,https://bbs.hupu.com/636502632.html
[流言板]佩里争抢球时直接一把推倒姜伟泽，经过回放被判普通犯规,虎扑12月24日讯 CBA常规赛：吉林男篮对阵北控男篮的比赛正在进行中。第三节比赛，佩里争抢球时直接一把推倒姜伟泽，经过回放被判普通犯规。来源：虎扑,CBA专区,https://bbs.hupu.com/636502602.html
[流言板]今日24分！卡斯尔本赛季在对阵雷霆时场均可以得到23分,虎扑12月24日讯 马刺以130-110击败雷霆。全场比赛，马刺球员斯蒂芬-卡斯尔得到了24分，投篮12中7。借此，斯蒂芬-卡斯尔本赛季在对阵雷霆时场均可以得到23分。来源：X,篮球资讯,https://bbs.hupu.com/636502592.html
[流言板]西亚卡姆：我们打得没有速度和决心，看起来我们在胡乱投篮,虎扑12月24日讯 NBA常规赛，步行者主场迎战雄鹿的比赛已经结束，最终步行者以94-111不敌雄鹿。赛后，步行者球员西亚卡姆接受了记者采访，并谈到了球队今天的表现。西亚卡姆：“我们打得没有速度，也没,篮球资讯,https://bbs.hupu.com/636490945.html
[流言板]贺希宁半场投篮10中5，得到14分5篮板3助攻1抢断,虎扑12月24日讯 CBA常规赛，深圳半场55-43领先四川。深圳球员贺希宁半场投篮10中5，得到14分5篮板3助攻1抢断。来源：虎扑,CBA专区,https://bbs.hupu.com/636502222.html
[JR热议]瓜主爆料：明日阿泰做客评论席，对这名选手你还有什么印象？,瓜主爆料：明日阿泰做客评论席，对这名选手你还有什么印象？,王者荣耀,https://bbs.hupu.com/636498678.html
[流言板]乔-科尔：应让基耶萨接替萨拉赫，前者理应得到稳定出场时间,虎扑12月24日讯 日前，利物浦前中场球员乔-科尔在接受采访时表示，他建议利物浦主帅斯洛特应该要给予基耶萨出场机会，让他接替缺阵的萨拉赫，代表利物浦出战。目前，萨拉赫正随埃及国家队征战非洲杯。当被问及,国际足球资讯,https://bbs.hupu.com/636502213.html
12月底游走位T度排行，5位T0大爹巍然不动，全能首选张飞苏烈,这篇文章我们来看一下赛季末游走位的T度排行。T0：版本之子T0.5:上分首选T1：版本强势英雄T2：强度中规中矩，看阵容选择比较好T3及以下：仅推荐特定阵容或绝活哥选择最近一段时间游走位的波动可以说非,王者荣耀,https://bbs.hupu.com/636500929.html
[流言板]里昂名宿谈恩德里克：一个球员一直无法上场，这预示着问题,虎扑12月24日讯 近日，里昂的法国名宿戈武在法国《进步报》上谈到了从皇马租借到里昂的巴西前锋恩德里克。“关于转会窗口，我理解教练想要一名前锋、一名中后卫和两到三名中场球员。但我认为冬季转会窗口应该买,国际足球资讯,https://bbs.hupu.com/636502188.html
[流言板]Junjia赵信抢下小龙，随后JDG团战处理更优打出1换3并拿下厄塔汗,来源：虎扑,英雄联盟,https://bbs.hupu.com/636502186.html
[流言板]湖人本赛季对阵太阳取得1胜2负，明年双方还有2场对决,虎扑12月24日讯 今日NBA常规赛，湖人客场108-132不敌太阳。此役过后，湖人本赛季对阵太阳取得1胜2负，包括一场险胜和两场惨负，明年双方还将有2场对决。目前，湖人19胜9负排名西部第四，太阳1,篮球资讯,https://bbs.hupu.com/636502168.html
[流言板]谢尔基每90分钟贡献3.9次关键传球，英超500+分钟球员最多,虎扑12月24日讯 据Whoscore统计，曼城中场谢尔基在本赛季英超联赛中，每90分钟的关键传球数为3.9次。这一数据为本赛季英超联赛中出场500分钟以上的球员数最多。来源：X,国际足球资讯,https://bbs.hupu.com/636502145.html
[流言板]景菡一45度三分抬手还有，半场还未结束已砍下19分,虎扑12月24日讯 CBA常规赛：深圳男篮对阵四川男篮的比赛正在进行中。第二节比赛，景菡一45度三分抬手还有，半场还未结束已砍下19分。来源：虎扑,CBA专区,https://bbs.hupu.com/636502119.html
[流言板]火箭与太阳今夏完成重磅交易，如今两队分列西部第六和第七,虎扑12月24日讯 今日NBA常规赛，火箭客场惨败快船，太阳主场大胜湖人。此役过后，火箭17胜10负排名西部第六，太阳16胜13负排名西部第七，两队之间的胜场为2场。今年夏天，火箭和太阳达成一笔重磅交,篮球资讯,https://bbs.hupu.com/636502092.html
[流言板]朱松玮快马加鞭杀到前场，上演精彩双手暴扣势大力沉,虎扑12月24日讯 CBA常规赛：吉林男篮对阵北控男篮的比赛正在进行中。第二节比赛，朱松玮快马加鞭杀到前场，上演精彩双手暴扣势大力沉。来源：虎扑,CBA专区,https://bbs.hupu.com/636502062.html
[流言板]栾利程径直杀入禁区顶着对手上篮打进，吉林领先北控4分,虎扑12月24日讯 CBA常规赛：吉林男篮对阵北控男篮的比赛正在进行中。第二节比赛，栾利程径直杀入禁区顶着对手上篮打进，吉林领先北控4分。来源：虎扑,CBA专区,https://bbs.hupu.com/636502022.html
[流言板]马卡：赫伊森入选世界杯前景存疑；状态下滑，队内竞争激烈,虎扑12月24日讯 过去一年里，赫伊森一直是西班牙国家队重点关注的年轻中卫之一。西班牙足协内部曾普遍认为，他进入国家队只是时间问题。前足协体育总监阿尔伯特-卢克曾直言，赫伊森的优先级“与亚马尔相当”，,国际足球资讯,https://bbs.hupu.com/636501995.html
[流言板]BLG野辅深入敌阵排视野，JDG下野三人集火击杀ON,来源：虎扑电竞,英雄联盟,https://bbs.hupu.com/636501985.html
[流言板]西甲12月最佳球员提名：亚马尔、姆巴佩领衔，科克入围,虎扑12月24日讯 西班牙职业足球联盟（LALIGA）和官方合作伙伴EA体育公布了2025-26赛季西甲联赛12月（第15轮-第17轮）的最佳球员候选名单。亚马尔和姆巴佩领衔，皇马、巴萨和马竞各有1人,国际足球资讯,https://bbs.hupu.com/636501939.html
[流言板]经纪人：德拉古辛去意甲或是好选择，国米正在寻找中后卫,虎扑12月24日讯 热刺中卫德拉古辛经纪人近日接受了罗马尼亚媒体采访，他也谈到了自己客户在热刺未来情况。他表示：“德拉古辛状态很好。我看了他参加的一场友谊赛，他踢满了90分钟。他告诉我他已经准备好了。,国际足球资讯,https://bbs.hupu.com/636501929.html
[流言板]王奕博罚球线中距离跳投命中2分，青岛次节暂时领先7分,虎扑12月24日讯 CBA常规赛：新疆男篮对阵青岛男篮的比赛正在进行中。第二节比赛，王奕博罚球线中距离跳投命中2分，青岛次节暂时领先7分。来源：虎扑,CBA专区,https://bbs.hupu.com/636501917.html
莫布里和切特霍姆格伦谁的上限更高？,两人谁目前的即战力更强，谁未来的上限会更高？【时间轴】00:01莫布里与切特霍姆格伦未来上限全面对比分析,湿乎乎的话题,https://bbs.hupu.com/636488623.html
[流言板]钱宁-弗莱：相比围绕字母哥，围绕库里建队会更容易夺冠,虎扑12月24日讯 在最新的一期的Road Trippin&apos;播客中，前NBA球员钱宁-弗莱表达了自己对斯蒂芬-库里和“字母哥”扬尼斯-阿德托昆博的看法。当同为前NBA球员的理查德-杰弗森提问,篮球资讯,https://bbs.hupu.com/636487207.html
[流言板]本赛季单场9+失误：卡斯尔、坎宁安、东契奇、布克、约基奇,虎扑12月24日讯 今日NBA常规赛活塞136-127战胜国王。本场比赛，活塞队球员凯德-坎宁安出场38分钟，投篮15中8，三分球5中2，罚球6中5，得到23分7篮板14助攻5抢断9失误。坎宁安本场出,篮球资讯,https://bbs.hupu.com/636497811.html
[流言板]前里昂主席：谢尔基本有1500万加盟巴黎条款；高兴他去曼城,虎扑12月24日讯 近日，里昂前主席约翰-泰克斯托尔在接受媒体RMC的采访时谈到了今夏将法国球星谢尔基卖给曼城的转会。他表示：“谢尔基原本应该以1500万欧元价格加盟巴黎圣日耳曼。他的合同中有一项非常,国际足球资讯,https://bbs.hupu.com/636501496.html
[流言板]郭振明：篮协将致力提高国家队备战水平，推动联赛协同发展,虎扑12月24日讯 今日，第十届中国篮球协会会员代表大会执委会第八次会议在京召开。其中，中国篮协主席郭振明提出：篮协将致力提高国家队备战水平，推动联赛协同发展。部分原文如下：“郭振明强调，中国篮球协会,CBA专区,https://bbs.hupu.com/636501493.html
[流言板]英超球队本赛季创造机会数榜单，曼联207次领衔，红军204次,虎扑12月24日讯 WhoScoreds数据统计，截至到英超第17轮，英超创造机会榜单中，曼联以207次高居榜首领跑联盟，利物浦204次紧随其后。本赛季创造机会数排名英超前五的球队如下：曼联：207利,国际足球资讯,https://bbs.hupu.com/636501481.html
[JR热议]安九：打的时候我跟On说了让Bin调摄像头，Bin说不调,Bin哥有偶像包袱,英雄联盟,https://bbs.hupu.com/636501176.html
[流言板]罗马尼亚前锋普斯卡什要求税前5万欧月薪，中超有球队愿意付,虎扑12月24日讯 多家罗马尼亚媒体转载中国媒体的报道，与博德鲁姆体育队解约后，乔治-普什卡什正在寻找新东家。约尔达内斯库和华沙莱吉亚都曾对他有意，但最终由于球员的薪资要求过高而告吹。罗马尼亚方面透露,中国足球,https://bbs.hupu.com/636501425.html
[流言板]马绍尔连续9场15+，9场期间场均16.8分3.7板3助命中率66%,虎扑12月24日讯 NBA常规赛，掘金130-131不敌独行侠。本场比赛，纳吉-马绍尔全场出战32分钟，11投6中、三分4中2、罚球1中1得到15分4篮板3助攻1抢断。据统计，马绍尔过去9场比赛都得到,篮球资讯,https://bbs.hupu.com/636501417.html
[流言板]点球大战扑点制胜，阿森纳官方：凯帕当选胜水晶宫队内最佳,虎扑12月24日讯 阿森纳官方消息，西班牙门将凯帕当选本轮联赛杯队内最佳球员。北京时间今天凌晨结束的联赛杯1/4决赛，阿森纳常规时间与水晶宫战成1-1平，点球大战阿森纳8-7取胜晋级，凯帕第8轮扑出拉,国际足球资讯,https://bbs.hupu.com/636501415.html
[JRs评选]庞峥麟当选CBA常规赛第5轮本土MVP,CBA常规赛第5轮，江苏男篮88-84天津男篮。全场比赛，江苏球员庞峥麟出战37分钟，投篮14中10、三分5中3砍下34分6篮板4助攻1抢断，再度刷新生涯得分新高。最终他以79.9%的投票率获得CBA,CBA专区,https://bbs.hupu.com/636501346.html
[流言板]上海男篮啦啦队社媒分享舞蹈：实力派啦啦队的破圈瞬间,虎扑12月24日讯 上海男篮啦啦队社媒分享舞蹈。配文：实力派啦啦队的破圈瞬间。来源：抖音,CBA专区,https://bbs.hupu.com/636501375.html
【中字】詹姆斯：从未试图打破历史得分纪录，实现那刻显得更梦幻,,湿乎乎的话题,https://bbs.hupu.com/636483573.html
[流言板]马布里社媒分享日常：这几天的首要任务，让他俩把筷子练明白,虎扑12月24日讯 马布里社媒分享日常。配文：儿子闺女放假回家陪我过节，这几天的首要任务，让他俩把筷子练明白🤣来源：抖音,CBA专区,https://bbs.hupu.com/636501370.html
[流言板]名记：弗洛伦蒂诺无论如何不想放走维尼，或很快官宣续约,虎扑12月24日讯 在马卡电台的《La Tribu》节目中，资深体育记者、嘉宾评论员罗贝托-戈麦斯谈到了皇马主席弗洛伦蒂诺对于维尼修斯未来的态度。他明确表示，皇马主席在这名巴西边锋的问题上立场“十分坚,国际足球资讯,https://bbs.hupu.com/636501362.html
[流言板]JDG官媒发布徳杯赛前返图：再接再厉，比赛加油,虎扑12月24日讯 JDG官媒发布徳杯赛前返图，并配文：再接再厉！比赛加油！来源：LPL,英雄联盟,https://bbs.hupu.com/636501360.html
[流言板]弗林蓬：复出帮利物浦的感觉很好，已准备好踢场上任何位置,虎扑12月24日讯 据利物浦官网消息，在因伤缺席两个月后，荷兰后卫弗林蓬于上周六利物浦2-1战胜托特纳姆热刺的比赛中复出，并为球队的第二粒进球做出关键贡献——他变线后的传中助攻埃基蒂克头球破门。这位荷,国际足球资讯,https://bbs.hupu.com/636501357.html
[流言板]因印度足协赤字增加+联赛可能停摆，城市集团决定放弃孟买城,虎扑12月24日讯 印度记者Ashish Negi独家报道，作为印度足球顶级联赛的印度超级联赛（ISL）2025-26赛季至今仍未在12月开赛，何时开赛也仍不明朗。联赛赛程安排悬而未决，商业方向不明，,国际足球资讯,https://bbs.hupu.com/636501341.html
啥时候回来？步行者记者晒哈利伯顿赛前恢复训练视频,今日步行者对雄鹿的比赛前，步行者跟队记者Tony East晒出了步行者球员泰雷斯-哈利伯顿的恢复训练视频。在今年的总决赛期间，哈利伯顿遭遇了右腿跟腱撕裂，并在6月份接受了手术修复。,湿乎乎的话题,https://bbs.hupu.com/636484791.html
[流言板]雷记：常规时间单场罚47次和单场罚7次，哪个数据更惊人？,虎扑12月24日讯 NBA常规赛，雷霆110-130不敌马刺。本场比赛，雷霆罚球7中6，马刺罚球24中18。赛后，雷霆记者Clemente Almanza发推吐槽：“哪个数据更惊人——常规时间内单场罚,篮球资讯,https://bbs.hupu.com/636501321.html
[流言板]广州男篮晒照分享日常：今年的圣诞礼物抢夺大战如期而至,虎扑12月24日讯 广州男篮社媒晒照分享球队日常。配文：今年的圣诞礼物抢夺大战如期而至😈！📷照片先行，若知详情如何，且听下回分解。广州男篮目前取得了2胜2负的战绩。来源：微博,CBA专区,https://bbs.hupu.com/636501288.html
